Date,SessionTime,Time,Distance,Speed,RPM,nGear,Throttle,Brake,DRS,X,Y,Z
2025-05-31 14:58:57.630,0 days 01:12:27.987000,0 days 00:00:00,-0.003752369986398385,300.43500032,10613.72003584,8,99.0,False,12,1427.4839561452022,-169.25159092774095,1706.7486132414838
2025-05-31 14:58:57.743,0 days 01:12:28.100000,0 days 00:00:00.113000,9.472222222222229,301.0,10677.0,8,99.0,False,12,1369.6993152169853,-260.0410424932871,1706.887507105894
2025-05-31 14:58:57.784,0 days 01:12:28.141000,0 days 00:00:00.154000,12.92840215108328,301.56944355555555,10687.933316266666,8,99.0,False,12,1345.0,-299.0,1707.0
2025-05-31 14:58:58.024,0 days 01:12:28.381000,0 days 00:00:00.394000,33.328447492243505,304.90277688888887,10751.933316266666,8,99.0,False,12,1187.0,-549.0,1708.0
2025-05-31 14:58:58.103,0 days 01:12:28.460000,0 days 00:00:00.473000,40.07222222222222,306.0,10773.0,8,99.0,False,12,1157.6732217677559,-595.1819005084691,1708.1198758950632
2025-05-31 14:58:58.304,0 days 01:12:28.661000,0 days 00:00:00.674000,57.26161120452574,307.4357138285714,10855.553545142857,8,99.0,False,12,1104.0,-679.0,1708.0
2025-05-31 14:58:58.383,0 days 01:12:28.740000,0 days 00:00:00.753000,64.02777777777779,308.0,10888.0,8,99.0,False,12,1058.6503218064577,-750.2991868956906,1707.970299869187
2025-05-31 14:58:58.543,0 days 01:12:28.900000,0 days 00:00:00.913000,77.76111111111112,309.0,10918.0,8,99.0,False,12,935.3649192070593,-944.5458519474139,1707.973076877938
2025-05-31 14:58:58.624,0 days 01:12:28.981000,0 days 00:00:00.994000,84.75804347385018,309.86785645714286,10944.035693714286,8,99.0,False,12,892.0,-1013.0,1708.0
2025-05-31 14:58:58.823,0 days 01:12:29.180000,0 days 00:00:01.193000,102.02777777777779,312.0,11008.0,8,99.0,False,12,854.4138413086924,-1072.7936785309003,1708.0793291028003
2025-05-31 14:58:58.884,0 days 01:12:29.241000,0 days 00:00:01.254000,107.3122700889954,312.0,11018.6749888,8,99.0,False,12,841.0,-1094.0,1708.0
2025-05-31 14:58:59.143,0 days 01:12:29.500000,0 days 00:00:01.513000,129.76111111111112,312.0,11064.0,8,99.0,False,12,722.7660085244275,-1279.7705962072764,1707.0766028251587
2025-05-31 14:58:59.185,0 days 01:12:29.542000,0 days 00:00:01.555000,133.4252379669785,312.62999808,11075.5499648,8,99.0,False,12,701.0,-1314.0,1707.0
2025-05-31 14:58:59.343,0 days 01:12:29.700000,0 days 00:00:01.713000,147.26111111111112,315.0,11119.0,8,99.0,False,12,621.4883245369222,-1439.2304195790634,1707.000016948981
2025-05-31 14:58:59.344,0 days 01:12:29.701000,0 days 00:00:01.714000,147.3487598166978,315.0035712,11119.0999936,8,99.0,False,12,621.0,-1440.0,1707.0
2025-05-31 14:58:59.584,0 days 01:12:29.941000,0 days 00:00:01.954000,168.40843527743013,315.86071405714284,11143.0999936,8,99.0,False,12,508.0,-1618.0,1707.0
2025-05-31 14:58:59.623,0 days 01:12:29.980000,0 days 00:00:01.993000,171.8388888888889,316.0,11147.0,8,99.0,False,12,489.74123435396587,-1646.674271106213,1707.1031891518078
2025-05-31 14:58:59.845,0 days 01:12:30.202000,0 days 00:00:02.215000,191.4214377256481,317.0090903272727,11172.731803345454,8,99.0,False,12,385.0,-1811.0,1708.0
2025-05-31 14:59:00.063,0 days 01:12:30.420000,0 days 00:00:02.433000,210.70555555555555,318.0,11198.0,8,99.0,False,12,281.9288785392522,-1973.5411104237126,1708.0000799902018
2025-05-31 14:59:00.065,0 days 01:12:30.422000,0 days 00:00:02.435000,210.88254396088962,318.00501220972234,11198.090219775002,8,99.0,False,12,281.0,-1975.0,1708.0
2025-05-31 14:59:00.224,0 days 01:12:30.581000,0 days 00:00:02.594000,224.9587598748373,318.40350854680565,11205.263153842501,8,99.0,False,12,205.0,-2094.0,1708.0
2025-05-31 14:59:00.462,0 days 01:12:30.819000,0 days 00:00:02.832000,246.06138888888887,319.0,11216.0,8,99.0,False,12,57.9902243723531,-2325.213908913535,1707.1545187296051
2025-05-31 14:59:00.504,0 days 01:12:30.861000,0 days 00:00:02.874000,249.79190586037714,319.1749994666667,11222.474980266667,8,99.0,False,12,34.0,-2363.0,1707.0
2025-05-31 14:59:00.702,0 days 01:12:31.059000,0 days 00:00:03.072000,267.39472222222224,320.0,11253.0,8,99.0,False,12,-57.934443388836755,-2507.899603808786,1706.4852750707712
2025-05-31 14:59:00.924,0 days 01:12:31.281000,0 days 00:00:03.294000,287.1266557669201,320.0,11291.8499776,8,99.0,False,12,-143.0,-2640.0,1706.0
2025-05-31 14:59:00.942,0 days 01:12:31.299000,0 days 00:00:03.312000,288.72805555555556,320.0,11295.0,8,99.0,False,12,-150.27031755154286,-2651.0941079383183,1705.9480864575676
2025-05-31 14:59:01.184,0 days 01:12:31.541000,0 days 00:00:03.554000,310.2918642350075,320.6722218666667,11327.2666496,8,99.0,False,12,-251.0,-2803.0,1705.0
2025-05-31 14:59:01.302,0 days 01:12:31.659000,0 days 00:00:03.672000,320.8280555555556,321.0,11343.0,8,99.0,False,12,-298.3824708707334,-2874.5544125370707,1704.2715940210996
2025-05-31 14:59:01.502,0 days 01:12:31.859000,0 days 00:00:03.872000,338.71694444444444,322.0,11355.0,8,99.0,False,12,-412.3044373073904,-3046.4488431162167,1702.0339376247696
2025-05-31 14:59:01.504,0 days 01:12:31.861000,0 days 00:00:03.874000,338.8960185548166,322.0055552,11355.2555392,8,99.0,False,12,-414.0,-3049.0,1702.0
2025-05-31 14:59:01.664,0 days 01:12:32.021000,0 days 00:00:04.034000,353.23548420566914,322.44999964444446,11375.699983644445,8,99.0,False,12,-563.0,-3273.0,1699.0
2025-05-31 14:59:01.862,0 days 01:12:32.219000,0 days 00:00:04.232000,371.01694444444445,323.0,11401.0,8,99.0,False,12,-620.5790223095895,-3359.8952673077256,1697.7548152796958
2025-05-31 14:59:01.964,0 days 01:12:32.321000,0 days 00:00:04.334000,380.19370754320016,323.42323609579717,11401.846472191593,8,99.0,False,12,-642.0,-3392.0,1697.0
2025-05-31 14:59:02.103,0 days 01:12:32.460000,0 days 00:00:04.473000,392.7069444444444,324.0,11403.0,8,99.0,False,12,-703.9773602500322,-3484.406164900495,1694.8354896822327
2025-05-31 14:59:02.264,0 days 01:12:32.621000,0 days 00:00:04.634000,407.1932715058951,324.0,11415.0749952,8,99.0,False,12,-793.0,-3617.0,1692.0
2025-05-31 14:59:02.343,0 days 01:12:32.700000,0 days 00:00:04.713000,414.3069444444444,324.0,11421.0,8,99.0,False,12,-830.0074141065062,-3672.1425566566722,1691.0656739526894
2025-05-31 14:59:02.484,0 days 01:12:32.841000,0 days 00:00:04.854000,427.02116275941,324.3916664888889,11437.449992533333,8,99.0,False,12,-903.0,-3781.0,1689.0
2025-05-31 14:59:02.703,0 days 01:12:33.060000,0 days 00:00:05.073000,446.8069444444444,325.0,11463.0,8,99.0,False,12,-1080.0174239855035,-4045.167512667391,1681.5990494759014
2025-05-31 14:59:02.724,0 days 01:12:33.081000,0 days 00:00:05.094000,448.70605291283596,325.0656248,11464.2468712,8,99.0,False,12,-1094.0,-4066.0,1681.0
2025-05-31 14:59:03.023,0 days 01:12:33.380000,0 days 00:00:05.393000,475.7847222222221,326.0,11482.0,8,99.0,False,12,-1192.4615001475138,-4211.79839274198,1677.1419948925688
2025-05-31 14:59:03.124,0 days 01:12:33.481000,0 days 00:00:05.494000,484.95206679375497,326.3156248,11494.624992,8,99.0,False,12,-1226.0,-4262.0,1676.0
2025-05-31 14:59:03.343,0 days 01:12:33.700000,0 days 00:00:05.713000,504.8513888888888,327.0,11522.0,8,99.0,False,12,-1335.973784423867,-4426.85392918718,1671.6421841800375
2025-05-31 14:59:03.364,0 days 01:12:33.721000,0 days 00:00:05.734000,506.75933359916826,327.0,11523.199996342857,8,99.0,False,12,-1347.0,-4443.0,1671.0
2025-05-31 14:59:03.424,0 days 01:12:33.781000,0 days 00:00:05.794000,512.2102276756591,327.0,11526.628567771428,8,99.0,False,12,-1378.0,-4488.0,1669.0
2025-05-31 14:59:03.623,0 days 01:12:33.980000,0 days 00:00:05.993000,530.2847222222222,327.0,11538.0,8,99.0,False,12,-1477.2565645601155,-4635.187157890605,1664.4648311990402
2025-05-31 14:59:03.744,0 days 01:12:34.101000,0 days 00:00:06.114000,541.2713373143267,327.0,11535.311112533333,8,99.0,False,12,-1546.0,-4739.0,1662.0
2025-05-31 14:59:03.983,0 days 01:12:34.340000,0 days 00:00:06.353000,562.9847222222221,327.0,11530.0,8,99.0,False,12,-1703.4226651398258,-4979.104582514952,1656.0220228423973
2025-05-31 14:59:03.984,0 days 01:12:34.341000,0 days 00:00:06.354000,563.0756861473126,327.0027776,11530.097216,8,99.0,False,12,-1704.0,-4980.0,1656.0
2025-05-31 14:59:04.343,0 days 01:12:34.700000,0 days 00:00:06.713000,595.7847222222222,328.0,11565.0,8,99.0,False,12,-1852.8208944133019,-5222.910820921279,1650.5280904778117
2025-05-31 14:59:04.385,0 days 01:12:34.742000,0 days 00:00:06.755000,599.6131122928243,328.0,11559.2250176,8,99.0,False,12,-1869.0,-5251.0,1650.0
2025-05-31 14:59:04.464,0 days 01:12:34.821000,0 days 00:00:06.834000,606.8123257204976,328.0,11548.3625088,8,99.0,False,12,-1901.0,-5307.0,1649.0
2025-05-31 14:59:04.503,0 days 01:12:34.860000,0 days 00:00:06.873000,610.3625,328.0,11543.0,8,99.0,False,12,-1918.2312989618204,-5336.897336846995,1648.4863252788605
2025-05-31 14:59:04.684,0 days 01:12:35.041000,0 days 00:00:07.054000,626.8043996750605,327.2458336,11517.3583424,8,99.0,False,12,-2006.0,-5488.0,1646.0
2025-05-31 14:59:04.743,0 days 01:12:35.100000,0 days 00:00:07.113000,632.1625,327.0,11509.0,8,99.0,False,12,-2033.2569299636193,-5535.733120759707,1645.2258117776717
2025-05-31 14:59:04.903,0 days 01:12:35.260000,0 days 00:00:07.273000,646.6958333333333,327.0,11486.0,8,99.0,False,12,-2103.39398498673,-5660.758231863842,1643.2553739535279
2025-05-31 14:59:04.925,0 days 01:12:35.282000,0 days 00:00:07.295000,648.6911018721538,326.89000064,11484.9000064,8,99.0,False,12,-2113.0,-5678.0,1643.0
2025-05-31 14:59:05.103,0 days 01:12:35.460000,0 days 00:00:07.473000,664.8069444444444,326.0,11476.0,8,99.0,False,12,-2191.132435951325,-5818.957445779012,1641.0676543778206
2025-05-31 14:59:05.205,0 days 01:12:35.562000,0 days 00:00:07.575000,674.037308362662,326.0,11471.628576914285,8,99.0,False,12,-2236.0,-5900.0,1640.0
2025-05-31 14:59:05.383,0 days 01:12:35.740000,0 days 00:00:07.753000,690.1625,326.0,11464.0,8,99.0,False,12,-2314.557640816403,-6041.201566379372,1638.185219172008
2025-05-31 14:59:05.404,0 days 01:12:35.761000,0 days 00:00:07.774000,692.0686261497316,325.9343752,11456.3875232,8,92.5031448,False,12,-2324.0,-6058.0,1638.0
2025-05-31 14:59:05.664,0 days 01:12:36.021000,0 days 00:00:08.034000,715.5956615726508,325.1218752,11362.1375232,8,12.065644800000001,False,12,-2441.0,-6262.0,1636.0
2025-05-31 14:59:05.703,0 days 01:12:36.060000,0 days 00:00:08.073000,719.0513888888889,325.0,11348.0,8,0.0,False,12,-2456.9660938246057,-6289.025289927746,1635.5889303981724
2025-05-31 14:59:05.904,0 days 01:12:36.261000,0 days 00:00:08.274000,736.2524867381346,307.4125056,10359.750314666666,8,0.0,False,12,-2550.0,-6435.0,1633.0
2025-05-31 14:59:05.943,0 days 01:12:36.300000,0 days 00:00:08.313000,739.3180555555556,304.0,10168.0,8,0.0,True,8,-2577.454259113567,-6474.279136194671,1632.4970709637087
2025-05-31 14:59:06.065,0 days 01:12:36.422000,0 days 00:00:08.435000,748.1667027510907,281.9722453333333,10176.811101866666,8,0.0,True,8,-2673.0,-6606.0,1631.0
2025-05-31 14:59:06.303,0 days 01:12:36.660000,0 days 00:00:08.673000,763.2180555555556,239.0,10194.0,8,0.0,True,8,-2787.4470161314935,-6744.08398175941,1628.6677724687597
2025-05-31 14:59:06.484,0 days 01:12:36.841000,0 days 00:00:08.854000,774.0670264829873,217.28000768,10154.18001408,8,0.0,True,8,-2840.0,-6794.0,1627.0
2025-05-31 14:59:06.503,0 days 01:12:36.860000,0 days 00:00:08.873000,775.1625,215.0,10150.0,8,0.0,True,8,-2845.211692709688,-6798.837311223991,1626.8130313983745
2025-05-31 14:59:06.703,0 days 01:12:37.060000,0 days 00:00:09.073000,786.1625000000001,198.0,11333.0,8,0.0,True,8,-2896.5845004153043,-6845.131002918225,1624.710536401697
2025-05-31 14:59:06.905,0 days 01:12:37.262000,0 days 00:00:09.275000,796.5828220570482,189.02222791111112,10879.622509511111,8,0.0,True,8,-2959.0,-6892.0,1624.0
2025-05-31 14:59:07.063,0 days 01:12:37.420000,0 days 00:00:09.433000,804.3625000000001,182.0,10525.0,5,0.0,True,8,-3023.736302467539,-6932.595430174819,1625.0500961822056
2025-05-31 14:59:07.105,0 days 01:12:37.462000,0 days 00:00:09.475000,806.3844470230003,179.67839978182118,10461.683630413305,5,0.0,True,8,-3041.0,-6942.0,1625.0
2025-05-31 14:59:07.262,0 days 01:12:37.619000,0 days 00:00:09.632000,813.815,171.0,10225.0,4,0.0,True,8,-3102.580190198429,-6969.021808102768,1623.1541212169466
2025-05-31 14:59:07.283,0 days 01:12:37.640000,0 days 00:00:09.653000,814.8029116775313,170.7375008,10190.3501056,4,0.9624970666666667,True,8,-3111.0,-6972.0,1623.0
2025-05-31 14:59:07.502,0 days 01:12:37.859000,0 days 00:00:09.872000,825.0150000000001,168.0,9829.0,4,11.0,False,8,-3209.9096236294004,-6993.9266643138635,1623.9840611378897
2025-05-31 14:59:07.504,0 days 01:12:37.861000,0 days 00:00:09.874000,825.106951948901,167.9727290181818,9830.022661818182,4,11.277254981818182,False,8,-3211.0,-6994.0,1624.0
2025-05-31 14:59:07.744,0 days 01:12:38.101000,0 days 00:00:10.114000,835.9453586046023,164.70000174545456,9952.749934545454,4,44.549982254545455,False,8,-3353.0,-6987.0,1626.0
2025-05-31 14:59:07.942,0 days 01:12:38.299000,0 days 00:00:10.312000,844.815,162.0,10054.0,4,72.0,False,8,-3417.8751762019087,-6972.276933060953,1628.1410618506957
2025-05-31 14:59:08.044,0 days 01:12:38.401000,0 days 00:00:10.414000,849.4242545045784,163.01999872,10269.21972992,4,77.60999296,False,8,-3450.0,-6960.0,1629.0
2025-05-31 14:59:08.142,0 days 01:12:38.499000,0 days 00:00:10.512000,853.9261111111113,164.0,10476.0,4,83.0,False,8,-3489.3345515941187,-6944.092005021175,1629.485288372613
2025-05-31 14:59:08.244,0 days 01:12:38.601000,0 days 00:00:10.614000,858.735784263815,167.2785673142857,10667.614045257144,4,86.27856731428571,False,8,-3539.0,-6923.0,1630.0
2025-05-31 14:59:08.422,0 days 01:12:38.779000,0 days 00:00:10.792000,867.3816666666668,173.0,11002.0,4,92.0,False,8,-3645.921272115516,-6874.8296662090015,1631.8169203679017
2025-05-31 14:59:08.544,0 days 01:12:38.901000,0 days 00:00:10.914000,873.4475482409382,178.3043443694288,11205.08061300099,4,97.30434436942882,False,8,-3712.0,-6843.0,1633.0
2025-05-31 14:59:08.583,0 days 01:12:38.940000,0 days 00:00:10.953000,875.4316666666667,180.0,11270.0,4,99.0,False,8,-3729.052990752695,-6834.252144222928,1633.2728780356283
2025-05-31 14:59:08.903,0 days 01:12:39.260000,0 days 00:00:11.273000,892.4983333333334,192.0,11206.0,4,99.0,False,8,-3833.6171620669497,-6786.427160026069,1635.1341692407998
2025-05-31 14:59:08.984,0 days 01:12:39.341000,0 days 00:00:11.354000,896.8615349888273,193.21499904,10979.2001792,4,96.16500224,False,8,-3888.0,-6779.0,1637.0
2025-05-31 14:59:09.103,0 days 01:12:39.460000,0 days 00:00:11.473000,903.3316666666668,195.0,10646.0,5,92.0,False,8,-3997.899890414164,-6770.949254217203,1641.1334869644002
2025-05-31 14:59:09.164,0 days 01:12:39.521000,0 days 00:00:11.534000,906.7215082708327,197.6687472,10707.3811856,5,91.6187504,False,8,-4047.0,-6769.0,1643.0
2025-05-31 14:59:09.263,0 days 01:12:39.620000,0 days 00:00:11.633000,912.3094444444445,202.0,10807.0,5,91.0,False,8,-4096.645387072147,-6769.775750552863,1644.8330945547873
2025-05-31 14:59:09.464,0 days 01:12:39.821000,0 days 00:00:11.834000,923.8639012649388,205.7687488,11051.968672,5,93.5124992,False,8,-4148.0,-6788.0,1647.0
2025-05-31 14:59:09.583,0 days 01:12:39.940000,0 days 00:00:11.953000,930.7983333333334,208.0,11197.0,5,95.0,False,8,-4211.617659009356,-6810.944298265624,1650.2772629987924
2025-05-31 14:59:09.704,0 days 01:12:40.061000,0 days 00:00:12.074000,937.9016782265181,210.41999872,11315.57993728,5,96.81499904,False,8,-4283.0,-6838.0,1654.0
2025-05-31 14:59:09.783,0 days 01:12:40.140000,0 days 00:00:12.153000,942.5761111111112,212.0,11393.0,5,98.0,False,8,-4321.067704621801,-6854.577792903668,1655.9311024219708
2025-05-31 14:59:10.023,0 days 01:12:40.380000,0 days 00:00:12.393000,956.9761111111112,216.0,11626.0,5,99.0,False,8,-4434.328870620061,-6920.565097156485,1661.9606654666413
2025-05-31 14:59:10.024,0 days 01:12:40.381000,0 days 00:00:12.394000,957.0366644394217,216.01999872,11623.9001344,5,99.0,False,8,-4435.0,-6921.0,1662.0
2025-05-31 14:59:10.204,0 days 01:12:40.561000,0 days 00:00:12.574000,968.023768270987,219.61999872,11245.9001344,5,99.0,False,8,-4568.0,-7010.0,1670.0
2025-05-31 14:59:10.223,0 days 01:12:40.580000,0 days 00:00:12.593000,969.1983333333334,220.0,11206.0,5,99.0,False,8,-4578.440483164076,-7017.212713743741,1670.612828333046
2025-05-31 14:59:10.464,0 days 01:12:40.821000,0 days 00:00:12.834000,984.3763469430213,224.81999872,10831.84759936,5,99.0,False,8,-4660.0,-7076.0,1675.0
2025-05-31 14:59:10.623,0 days 01:12:40.980000,0 days 00:00:12.993000,994.5316666666668,228.0,10585.0,6,99.0,False,8,-4763.1439261760015,-7144.836685866507,1680.956068657915
2025-05-31 14:59:10.844,0 days 01:12:41.201000,0 days 00:00:13.214000,1008.7537010679188,231.68333226666667,10705.629131733333,6,99.0,False,8,-4919.0,-7247.0,1690.0
2025-05-31 14:59:10.863,0 days 01:12:41.220000,0 days 00:00:13.233000,1009.9983333333334,232.0,10716.0,6,99.0,False,8,-4927.434319813277,-7252.585366019536,1690.4636394626057
2025-05-31 14:59:11.144,0 days 01:12:41.501000,0 days 00:00:13.514000,1028.899391232541,239.72749824,11008.94243328,6,99.0,False,8,-5029.0,-7309.0,1695.0
2025-05-31 14:59:11.263,0 days 01:12:41.620000,0 days 00:00:13.633000,1036.9983333333334,243.0,11133.0,6,99.0,False,8,-5147.1455148613895,-7361.055678264958,1700.1409292162011
2025-05-31 14:59:11.364,0 days 01:12:41.721000,0 days 00:00:13.734000,1043.8623395467164,244.00999936,11175.41997312,6,99.0,False,8,-5258.0,-7405.0,1705.0
2025-05-31 14:59:11.463,0 days 01:12:41.820000,0 days 00:00:13.833000,1050.6094444444445,245.0,11217.0,6,99.0,False,8,-5348.926819478125,-7433.516553726668,1709.0024920925737
2025-05-31 14:59:11.783,0 days 01:12:42.140000,0 days 00:00:14.153000,1072.653888888889,248.0,11350.0,6,99.0,False,8,-5543.414803478112,-7455.399847992347,1717.5869934277844
2025-05-31 14:59:11.804,0 days 01:12:42.161000,0 days 00:00:14.174000,1074.1006393080363,248.0,11361.156216,6,99.0,False,8,-5553.0,-7456.0,1718.0
2025-05-31 14:59:11.943,0 days 01:12:42.300000,0 days 00:00:14.313000,1083.6761111111111,248.0,11435.0,6,99.0,False,8,-5608.132048788014,-7459.50788305648,1720.326766192422
2025-05-31 14:59:12.183,0 days 01:12:42.540000,0 days 00:00:14.553000,1100.3427777777779,250.0,11549.0,6,99.0,False,8,-5716.296762629629,-7451.272591932837,1724.7062945342643
2025-05-31 14:59:12.224,0 days 01:12:42.581000,0 days 00:00:14.594000,1103.2083531252622,250.3843744,11526.57816,6,99.0,False,8,-5748.0,-7445.0,1726.0
2025-05-31 14:59:12.484,0 days 01:12:42.841000,0 days 00:00:14.854000,1121.4902820874872,252.8218744,11384.390660000001,6,99.0,False,8,-5995.0,-7384.0,1736.0
2025-05-31 14:59:12.503,0 days 01:12:42.860000,0 days 00:00:14.873000,1122.8316666666667,253.0,11374.0,6,99.0,False,8,-6006.91470240856,-7380.5882991449,1736.450569488381
2025-05-31 14:59:12.744,0 days 01:12:43.101000,0 days 00:00:15.114000,1139.8969606187193,254.72142811428571,10485.743093028572,6,99.0,False,8,-6086.0,-7347.0,1739.0
2025-05-31 14:59:12.783,0 days 01:12:43.140000,0 days 00:00:15.153000,1142.6650000000002,255.0,10342.0,6,99.0,False,8,-6102.768028904218,-7337.912722995711,1739.6233788674165
2025-05-31 14:59:12.943,0 days 01:12:43.300000,0 days 00:00:15.313000,1154.042777777778,256.0,10368.0,7,99.0,False,8,-6198.797691491293,-7284.897790233399,1743.5186129046888
2025-05-31 14:59:13.105,0 days 01:12:43.462000,0 days 00:00:15.475000,1165.6351576020757,257.15714194285715,10398.664261485714,7,99.0,False,8,-6304.0,-7215.0,1748.0
2025-05-31 14:59:13.223,0 days 01:12:43.580000,0 days 00:00:15.593000,1174.1094444444445,258.0,10421.0,7,99.0,False,8,-6370.472862027838,-7158.031552674914,1750.8934180144274
2025-05-31 14:59:13.284,0 days 01:12:43.641000,0 days 00:00:15.654000,1178.4952185857537,258.3812496,10445.781224,7,99.0,False,8,-6400.0,-7129.0,1752.0
2025-05-31 14:59:13.365,0 days 01:12:43.722000,0 days 00:00:15.735000,1184.324326958206,258.8874992,10478.687448,7,99.0,False,8,-6434.0,-7092.0,1753.0
2025-05-31 14:59:13.383,0 days 01:12:43.740000,0 days 00:00:15.753000,1185.6205555555557,259.0,10486.0,7,99.0,False,8,-6441.370943572365,-7083.655080401711,1753.234048421051
2025-05-31 14:59:13.663,0 days 01:12:44.020000,0 days 00:00:16.033000,1205.842777777778,260.0,10481.0,7,99.0,False,8,-6560.531016043172,-6916.125919146393,1758.4912548245268
2025-05-31 14:59:13.685,0 days 01:12:44.042000,0 days 00:00:16.055000,1207.4396667066262,260.22110417009714,10489.844166803887,7,99.0,False,8,-6571.0,-6895.0,1759.0
2025-05-31 14:59:13.862,0 days 01:12:44.219000,0 days 00:00:16.232000,1220.3255555555556,262.0,10561.0,7,99.0,False,8,-6657.29617304547,-6688.984726277046,1763.2533684593932
2025-05-31 14:59:13.904,0 days 01:12:44.261000,0 days 00:00:16.274000,1223.386861590701,262.1749994666667,10564.1499904,7,99.0,False,8,-6672.0,-6651.0,1764.0
2025-05-31 14:59:14.102,0 days 01:12:44.459000,0 days 00:00:16.472000,1237.8588888888892,263.0,10579.0,7,99.0,False,8,-6696.3016256591645,-6576.9460875934365,1765.4464418953687
2025-05-31 14:59:14.204,0 days 01:12:44.561000,0 days 00:00:16.574000,1245.3781235266595,264.01999872,10617.50495168,7,99.0,False,8,-6701.0,-6537.0,1766.0
2025-05-31 14:59:14.502,0 days 01:12:44.859000,0 days 00:00:16.872000,1267.5255555555557,267.0,10730.0,7,99.0,False,8,-6730.85557761553,-6266.452255490281,1769.4664259782917
2025-05-31 14:59:14.544,0 days 01:12:44.901000,0 days 00:00:16.914000,1270.6491067599716,267.20999936,10747.8499456,7,99.0,False,8,-6733.0,-6226.0,1770.0
2025-05-31 14:59:14.702,0 days 01:12:45.059000,0 days 00:00:17.072000,1282.4144444444446,268.0,10815.0,7,99.0,False,8,-6732.132549159707,-6086.296579757871,1771.9139038252317
2025-05-31 14:59:14.903,0 days 01:12:45.260000,0 days 00:00:17.273000,1297.4841374215632,269.6749994666667,10853.524987733334,7,99.0,False,8,-6720.0,-5940.0,1774.0
2025-05-31 14:59:14.942,0 days 01:12:45.299000,0 days 00:00:17.312000,1300.4144444444448,270.0,10861.0,7,99.0,False,8,-6717.696304070473,-5916.155282148262,1774.338129212495
2025-05-31 14:59:15.103,0 days 01:12:45.460000,0 days 00:00:17.473000,1312.5341666666668,271.0,10899.0,7,99.0,False,8,-6708.432974836014,-5833.269928687065,1775.5050210217319
2025-05-31 14:59:15.284,0 days 01:12:45.641000,0 days 00:00:17.654000,1326.2926940637021,272.9392850285714,10923.564277028572,7,99.0,False,8,-6692.0,-5730.0,1777.0
2025-05-31 14:59:15.383,0 days 01:12:45.740000,0 days 00:00:17.753000,1333.845277777778,274.0,10937.0,7,99.0,False,8,-6678.227976503158,-5656.13777847782,1778.1001852170302
2025-05-31 14:59:15.544,0 days 01:12:45.901000,0 days 00:00:17.914000,1346.1317163923497,274.67083306666666,11004.083306666667,7,99.0,False,8,-6653.0,-5532.0,1780.0
2025-05-31 14:59:15.623,0 days 01:12:45.980000,0 days 00:00:17.993000,1352.1786111111112,275.0,11037.0,7,99.0,False,8,-6642.154867581834,-5483.513770985706,1780.7797679293853
2025-05-31 14:59:15.864,0 days 01:12:46.221000,0 days 00:00:18.234000,1370.7251369128314,276.5062496,11115.3249792,7,99.0,False,8,-6607.0,-5354.0,1783.0
2025-05-31 14:59:15.943,0 days 01:12:46.300000,0 days 00:00:18.313000,1376.8008333333335,277.0,11141.0,7,99.0,False,8,-6589.7269692691525,-5297.6199254302155,1783.9621459436685
2025-05-31 14:59:16.024,0 days 01:12:46.381000,0 days 00:00:18.394000,1383.0176766589564,277.0,11141.0,7,99.0,False,8,-6570.0,-5237.0,1785.0
2025-05-31 14:59:16.263,0 days 01:12:46.620000,0 days 00:00:18.633000,1401.4230555555557,277.0,11141.0,7,99.0,False,8,-6501.381239189956,-5066.7801258903755,1787.986155380534
2025-05-31 14:59:16.264,0 days 01:12:46.621000,0 days 00:00:18.634000,1401.5009668209168,277.02999808,11141.66995712,7,99.0,False,8,-6501.0,-5066.0,1788.0
2025-05-31 14:59:16.463,0 days 01:12:46.820000,0 days 00:00:18.833000,1417.145277777778,283.0,11275.0,7,99.0,False,8,-6405.646655490585,-4893.364639324969,1791.076575607485
2025-05-31 14:59:16.605,0 days 01:12:46.962000,0 days 00:00:18.975000,1428.3768942896468,283.7888881777778,11335.3499456,7,99.0,False,8,-6336.0,-4779.0,1793.0
2025-05-31 14:59:16.823,0 days 01:12:47.180000,0 days 00:00:19.193000,1445.6452777777781,285.0,11428.0,7,99.0,False,8,-6254.309113549939,-4655.4733736839935,1794.67720128155
2025-05-31 14:59:16.983,0 days 01:12:47.340000,0 days 00:00:19.353000,1458.3119444444449,285.0,11436.0,7,100.0,False,8,-6198.318090218225,-4578.021812677698,1795.550553352943
2025-05-31 14:59:17.044,0 days 01:12:47.401000,0 days 00:00:19.414000,1463.1725668890826,285.91499904,11453.99498112,7,99.69500032,False,8,-6173.0,-4543.0,1796.0
2025-05-31 14:59:17.183,0 days 01:12:47.540000,0 days 00:00:19.553000,1474.3119444444449,288.0,11495.0,7,99.0,False,8,-6107.784621395963,-4452.793704946755,1797.2758502461825
2025-05-31 14:59:17.244,0 days 01:12:47.601000,0 days 00:00:19.614000,1479.2148395080064,288.4357138285714,11515.042836114286,7,99.0,False,8,-6079.0,-4413.0,1798.0
2025-05-31 14:59:17.463,0 days 01:12:47.820000,0 days 00:00:19.833000,1496.8675000000003,290.0,11587.0,7,99.0,False,8,-5983.4198092588695,-4276.659655442007,1800.991109230244
2025-05-31 14:59:17.464,0 days 01:12:47.821000,0 days 00:00:19.834000,1496.9481850642987,290.0035712,11587.26784,7,99.0,False,8,-5983.0,-4276.0,1801.0
2025-05-31 14:59:17.624,0 days 01:12:47.981000,0 days 00:00:19.994000,1509.8662667824153,290.57499977142857,11630.124982857144,7,99.0,False,8,-5917.0,-4165.0,1802.0
2025-05-31 14:59:17.743,0 days 01:12:48.100000,0 days 00:00:20.113000,1519.5008333333337,291.0,11662.0,7,99.0,False,8,-5868.638734752399,-4081.703746789332,1803.6435067856305
2025-05-31 14:59:17.824,0 days 01:12:48.181000,0 days 00:00:20.194000,1526.0783359579268,291.5785709714286,11682.249984,7,99.28928548571429,False,8,-5830.0,-4016.0,1805.0
2025-05-31 14:59:18.023,0 days 01:12:48.380000,0 days 00:00:20.393000,1542.2897222222227,293.0,11732.0,7,100.0,False,8,-5713.9886867606965,-3822.6291064513857,1807.978209651214
2025-05-31 14:59:18.025,0 days 01:12:48.382000,0 days 00:00:20.395000,1542.4528374953566,293.0111104,11732.472192,7,100.0,False,8,-5713.0,-3821.0,1808.0
2025-05-31 14:59:18.344,0 days 01:12:48.701000,0 days 00:00:20.714000,1568.56553942952,294.7833329777778,11807.791651555555,7,100.0,False,8,-5606.0,-3652.0,1810.0
2025-05-31 14:59:18.383,0 days 01:12:48.740000,0 days 00:00:20.753000,1571.7897222222227,295.0,11817.0,7,100.0,False,8,-5590.7277923525,-3629.1332516234093,1810.3985052893772
2025-05-31 14:59:18.623,0 days 01:12:48.980000,0 days 00:00:20.993000,1591.5230555555559,296.0,11281.0,7,2.0,False,8,-5474.152026595485,-3457.4939769185553,1813.9465649847725
2025-05-31 14:59:18.704,0 days 01:12:49.061000,0 days 00:00:21.074000,1597.809265390989,288.47857737142857,11076.764447085714,7,1.4214290285714286,False,8,-5436.0,-3402.0,1815.0
2025-05-31 14:59:18.903,0 days 01:12:49.260000,0 days 00:00:21.273000,1612.5230555555559,270.0,10575.0,7,0.0,True,8,-5354.076806607609,-3284.2887939096254,1816.7505802998298
2025-05-31 14:59:19.103,0 days 01:12:49.460000,0 days 00:00:21.473000,1626.745277777778,256.0,11008.0,7,0.0,True,8,-5277.788608239572,-3181.9971424108853,1817.9867778559417
2025-05-31 14:59:19.105,0 days 01:12:49.462000,0 days 00:00:21.475000,1626.8787766760006,255.68002048,11012.93968384,7,0.0,True,8,-5277.0,-3181.0,1818.0
2025-05-31 14:59:19.284,0 days 01:12:49.641000,0 days 00:00:21.654000,1638.0562935618245,227.04001024000002,11455.06984192,7,0.0,True,8,-5205.0,-3095.0,1819.0
2025-05-31 14:59:19.303,0 days 01:12:49.660000,0 days 00:00:21.673000,1639.1897222222224,224.0,11502.0,6,0.0,True,8,-5197.354674527999,-3086.5429080706954,1819.0223678275236
2025-05-31 14:59:19.385,0 days 01:12:49.742000,0 days 00:00:21.755000,1644.00604780881,216.312512,11788.999552,6,0.0,True,8,-5165.0,-3052.0,1819.0
2025-05-31 14:59:19.463,0 days 01:12:49.820000,0 days 00:00:21.833000,1648.4786111111114,209.0,12062.0,6,0.0,True,8,-5136.680899582555,-3022.692882467351,1819.175259429524
2025-05-31 14:59:19.703,0 days 01:12:50.060000,0 days 00:00:22.073000,1661.6786111111114,198.0,11678.0,4,0.0,True,8,-5032.338823822604,-2940.7803452648327,1820.9793119152778
2025-05-31 14:59:19.705,0 days 01:12:50.062000,0 days 00:00:22.075000,1661.786498638871,197.9416704,11673.4252928,4,0.0,True,8,-5031.0,-2940.0,1821.0
2025-05-31 14:59:19.885,0 days 01:12:50.242000,0 days 00:00:22.255000,1671.386882152215,192.6916704,11261.6752928,4,0.0,True,8,-4892.0,-2869.0,1823.0
2025-05-31 14:59:19.943,0 days 01:12:50.300000,0 days 00:00:22.313000,1674.4119444444448,191.0,11129.0,4,0.0,False,8,-4857.034351331336,-2853.4533081100094,1823.499324294659
2025-05-31 14:59:20.263,0 days 01:12:50.620000,0 days 00:00:22.633000,1690.5008333333337,181.0,10690.0,4,0.0,False,8,-4759.238332373039,-2836.548899669653,1824.8049494973766
2025-05-31 14:59:20.324,0 days 01:12:50.681000,0 days 00:00:22.694000,1693.510401995772,179.91071542857142,10594.796528457144,4,0.8714276571428572,False,8,-4736.0,-2837.0,1825.0
2025-05-31 14:59:20.524,0 days 01:12:50.881000,0 days 00:00:22.894000,1703.274093551975,176.33928685714287,10282.653671314285,4,3.7285705142857144,False,8,-4639.0,-2841.0,1826.0
2025-05-31 14:59:20.543,0 days 01:12:50.900000,0 days 00:00:22.913000,1704.1897222222226,176.0,10253.0,4,4.0,False,8,-4630.181611916674,-2842.114764234232,1826.1948962071422
2025-05-31 14:59:20.684,0 days 01:12:51.041000,0 days 00:00:23.054000,1710.9144267133781,172.4572891795653,10309.683373126956,4,23.13063843034744,False,8,-4569.0,-2855.0,1828.0
2025-05-31 14:59:20.742,0 days 01:12:51.099000,0 days 00:00:23.112000,1713.6422222222225,171.0,10333.0,4,31.0,False,8,-4543.616229058243,-2862.123115500928,1828.5737787168732
2025-05-31 14:59:20.923,0 days 01:12:51.280000,0 days 00:00:23.293000,1722.0380225350436,167.38000128,10348.38499456,4,46.384994559999996,False,8,-4459.0,-2895.0,1830.0
2025-05-31 14:59:20.942,0 days 01:12:51.299000,0 days 00:00:23.312000,1722.9200000000003,167.0,10350.0,4,48.0,False,8,-4449.259656557835,-2900.029497079476,1830.2031809178711
2025-05-31 14:59:21.163,0 days 01:12:51.520000,0 days 00:00:23.533000,1733.2347529593703,167.92083306666666,10514.829118933334,4,60.891662933333336,False,8,-4334.0,-2974.0,1833.0
2025-05-31 14:59:21.182,0 days 01:12:51.539000,0 days 00:00:23.552000,1734.1200000000001,168.0,10529.0,4,62.0,False,8,-4325.789497921216,-2980.29401271276,1833.187185412426
2025-05-31 14:59:21.422,0 days 01:12:51.779000,0 days 00:00:23.792000,1745.3200000000002,168.0,10775.0,4,77.0,False,8,-4251.521957369143,-3054.009122781408,1834.4914223178616
2025-05-31 14:59:21.544,0 days 01:12:51.901000,0 days 00:00:23.914000,1751.179347962119,171.04049585854122,10895.479648394696,4,79.66043387622358,False,8,-4219.0,-3098.0,1835.0
2025-05-31 14:59:21.743,0 days 01:12:52.100000,0 days 00:00:24.113000,1761.0133333333333,176.0,11092.0,4,84.0,False,8,-4160.436163756904,-3188.0224582659866,1836.1057315370172
2025-05-31 14:59:21.924,0 days 01:12:52.281000,0 days 00:00:24.294000,1770.2177133505133,181.0906232,11403.6592648,4,90.2218728,False,8,-4114.0,-3269.0,1837.0
2025-05-31 14:59:22.063,0 days 01:12:52.420000,0 days 00:00:24.433000,1777.4577777777777,185.0,11643.0,4,95.0,False,8,-4090.3178772013716,-3318.4225998282955,1837.3726063078475
2025-05-31 14:59:22.344,0 days 01:12:52.701000,0 days 00:00:24.714000,1792.5577331134664,192.9031232,11172.3251072,4,98.5124992,False,8,-4060.0,-3417.0,1838.0
2025-05-31 14:59:22.383,0 days 01:12:52.740000,0 days 00:00:24.753000,1794.7022222222222,194.0,11107.0,4,99.0,False,8,-4055.352893103826,-3435.790997117309,1838.1879769041248
2025-05-31 14:59:22.544,0 days 01:12:52.901000,0 days 00:00:24.914000,1803.6798358068138,198.59999817142858,10922.425073371429,4,99.0,False,8,-4037.0,-3524.0,1839.0
2025-05-31 14:59:22.663,0 days 01:12:53.020000,0 days 00:00:25.033000,1810.4133333333334,202.0,10786.0,5,99.0,False,8,-4029.445522102277,-3592.360832043651,1839.1252676694883
2025-05-31 14:59:22.824,0 days 01:12:53.181000,0 days 00:00:25.194000,1819.6260119904894,205.35416533333333,10991.945751466666,5,99.0,False,8,-4026.0,-3682.0,1839.0
2025-05-31 14:59:22.903,0 days 01:12:53.260000,0 days 00:00:25.273000,1824.2133333333334,207.0,11093.0,5,99.0,False,8,-4025.924259815175,-3721.740796212329,1839.0513789796807
2025-05-31 14:59:23.024,0 days 01:12:53.381000,0 days 00:00:25.394000,1831.3350260788084,210.781248,11215.5124352,5,99.0,False,8,-4034.0,-3798.0,1839.0
2025-05-31 14:59:23.063,0 days 01:12:53.420000,0 days 00:00:25.433000,1833.6355555555556,212.0,11255.0,5,99.0,False,8,-4040.8841588328187,-3833.898832969534,1838.8512403097868
2025-05-31 14:59:23.204,0 days 01:12:53.561000,0 days 00:00:25.574000,1841.9329862340526,212.58749973333335,11445.3499136,5,99.0,False,8,-4074.0,-3979.0,1838.0
2025-05-31 14:59:23.303,0 days 01:12:53.660000,0 days 00:00:25.673000,1847.8355555555554,213.0,11579.0,5,99.0,False,8,-4088.0473599708293,-4038.6392057939065,1837.5349715229424
2025-05-31 14:59:23.584,0 days 01:12:53.941000,0 days 00:00:25.954000,1865.2037287926778,221.781248,11831.0218176,5,99.0,False,8,-4130.0,-4123.0,1836.0
2025-05-31 14:59:23.623,0 days 01:12:53.980000,0 days 00:00:25.993000,1867.6577777777777,223.0,11866.0,5,99.0,False,8,-4146.528970194439,-4151.825072152091,1835.5540269508704
2025-05-31 14:59:23.783,0 days 01:12:54.140000,0 days 00:00:26.153000,1877.7911111111111,228.0,11166.0,5,99.0,False,8,-4234.319078007487,-4303.192564419603,1833.2841080834985
2025-05-31 14:59:23.804,0 days 01:12:54.161000,0 days 00:00:26.174000,1879.1254833123435,228.20999936,11116.125152,5,99.0,False,8,-4245.0,-4321.0,1833.0
2025-05-31 14:59:23.983,0 days 01:12:54.340000,0 days 00:00:26.353000,1890.5688888888892,230.0,10691.0,6,99.0,False,8,-4318.951377923642,-4436.311881503443,1830.897009143208
2025-05-31 14:59:24.183,0 days 01:12:54.540000,0 days 00:00:26.553000,1903.6800000000003,236.0,10843.0,6,99.0,False,8,-4375.343693200014,-4509.385874593328,1829.0050997567707
2025-05-31 14:59:24.284,0 days 01:12:54.641000,0 days 00:00:26.654000,1910.410298277142,238.5249984,10959.1499264,6,99.0,False,8,-4404.0,-4547.0,1828.0
2025-05-31 14:59:24.383,0 days 01:12:54.740000,0 days 00:00:26.753000,1917.0688888888892,241.0,11073.0,6,99.0,False,8,-4432.8353662996815,-4585.692565609579,1826.9686968195883
2025-05-31 14:59:24.624,0 days 01:12:54.981000,0 days 00:00:26.994000,1933.5118480743095,245.30357028571427,11243.421383314286,6,99.0,False,8,-4508.0,-4689.0,1824.0
2025-05-31 14:59:24.663,0 days 01:12:55.020000,0 days 00:00:27.033000,1936.2022222222226,246.0,11271.0,6,99.0,False,8,-4521.232699354381,-4707.272749378859,1823.4006858032262
2025-05-31 14:59:24.805,0 days 01:12:55.162000,0 days 00:00:27.175000,1946.065345776953,248.36666453333333,11401.955437511111,6,99.0,False,8,-4577.0,-4784.0,1821.0
2025-05-31 14:59:25.023,0 days 01:12:55.380000,0 days 00:00:27.393000,1961.4022222222227,252.0,11603.0,6,99.0,False,8,-4702.718758695309,-4954.656725934559,1817.3089104503522
2025-05-31 14:59:25.045,0 days 01:12:55.402000,0 days 00:00:27.415000,1962.9620772252956,252.45833066666665,11607.033309866667,6,99.0,False,8,-4714.0,-4970.0,1817.0
2025-05-31 14:59:25.263,0 days 01:12:55.620000,0 days 00:00:27.633000,1978.535555555556,257.0,11647.0,6,99.0,False,8,-4792.838120311728,-5078.256899764798,1814.8353057920854
2025-05-31 14:59:25.444,0 days 01:12:55.801000,0 days 00:00:27.814000,1991.6180414500884,257.5027776,11563.5389184,6,49.225017599999994,False,8,-4848.0,-5155.0,1813.0
2025-05-31 14:59:25.623,0 days 01:12:55.980000,0 days 00:00:27.993000,2004.3355555555559,258.0,11481.0,6,0.0,False,8,-4918.1886498991535,-5252.648749535394,1810.323563441438
2025-05-31 14:59:25.645,0 days 01:12:56.002000,0 days 00:00:28.015000,2005.8593833360846,256.2125104,11415.9628784,6,0.0,False,8,-4927.0,-5265.0,1810.0
2025-05-31 14:59:25.783,0 days 01:12:56.140000,0 days 00:00:28.153000,2015.2244444444448,245.0,11008.0,6,0.0,True,8,-4981.26348613538,-5341.940868406193,1808.079990891605
2025-05-31 14:59:25.844,0 days 01:12:56.201000,0 days 00:00:28.214000,2019.2601264477205,240.0437552,10581.000448,6,0.0,True,8,-5005.0,-5377.0,1807.0
2025-05-31 14:59:25.943,0 days 01:12:56.300000,0 days 00:00:28.313000,2025.535555555556,232.0,9888.0,6,0.0,True,8,-5043.448193888569,-5436.3726087874,1804.7057787940607
2025-05-31 14:59:26.125,0 days 01:12:56.482000,0 days 00:00:28.495000,2035.571380724651,206.00001828571428,10534.749545142857,6,0.0,True,8,-5107.0,-5542.0,1800.0
2025-05-31 14:59:26.223,0 days 01:12:56.580000,0 days 00:00:28.593000,2040.4688888888893,192.0,10883.0,5,0.0,True,8,-5131.838747415597,-5587.705527950684,1798.2204558515655
2025-05-31 14:59:26.503,0 days 01:12:56.860000,0 days 00:00:28.873000,2053.3800000000006,166.0,11436.0,5,0.0,True,8,-5174.7591878800595,-5683.410536106157,1795.0239188701262
2025-05-31 14:59:26.505,0 days 01:12:56.862000,0 days 00:00:28.875000,2053.4678955944246,165.87000832,11425.11069696,5,0.0,True,8,-5175.0,-5684.0,1795.0
2025-05-31 14:59:26.703,0 days 01:12:57.060000,0 days 00:00:29.073000,2061.8800000000006,153.0,10347.0,3,0.0,True,8,-5195.543274686404,-5737.896884221347,1792.4162426978917
2025-05-31 14:59:26.805,0 days 01:12:57.162000,0 days 00:00:29.175000,2065.936703036943,145.9875088,10046.7378768,3,0.0,True,8,-5205.0,-5769.0,1791.0
2025-05-31 14:59:26.863,0 days 01:12:57.220000,0 days 00:00:29.233000,2068.1911111111117,142.0,9876.0,3,0.0,True,8,-5210.32614022696,-5789.083323680744,1790.185448337792
2025-05-31 14:59:27.023,0 days 01:12:57.380000,0 days 00:00:29.393000,2074.2800000000007,137.0,9272.0,3,0.0,True,8,-5222.945103160249,-5848.64566799527,1788.012407354719
2025-05-31 14:59:27.024,0 days 01:12:57.381000,0 days 00:00:29.394000,2074.317114241951,136.9562528,9269.9876288,3,0.0,True,8,-5223.0,-5849.0,1788.0
2025-05-31 14:59:27.183,0 days 01:12:57.540000,0 days 00:00:29.553000,2080.0577777777785,130.0,8950.0,3,0.0,True,8,-5227.564112918343,-5901.839195160006,1786.1840333557145
2025-05-31 14:59:27.264,0 days 01:12:57.621000,0 days 00:00:29.634000,2082.8786074189784,127.96774400739922,8837.354953552986,3,0.0,True,8,-5227.0,-5929.0,1785.0
2025-05-31 14:59:27.462,0 days 01:12:57.819000,0 days 00:00:29.832000,2089.5902777777783,123.0,8562.0,3,0.0,True,8,-5218.071099756245,-5998.671299339143,1781.0196473112405
2025-05-31 14:59:27.463,0 days 01:12:57.820000,0 days 00:00:29.833000,2089.6240590983525,122.9875008,8559.8563872,3,0.0,True,8,-5218.0,-5999.0,1781.0
2025-05-31 14:59:27.622,0 days 01:12:57.979000,0 days 00:00:29.992000,2094.968055555556,121.0,8219.0,3,0.0,True,8,-5203.2348066426985,-6047.411808387515,1778.0388679131884
2025-05-31 14:59:27.624,0 days 01:12:57.981000,0 days 00:00:29.994000,2095.0343160985285,120.964288,8216.6287232,3,0.0,True,8,-5203.0,-6048.0,1778.0
2025-05-31 14:59:27.864,0 days 01:12:58.221000,0 days 00:00:30.234000,2102.785843057062,116.67857371428572,7932.057294628571,3,0.0,True,8,-5166.0,-6116.0,1773.0
2025-05-31 14:59:27.902,0 days 01:12:58.259000,0 days 00:00:30.272000,2103.9902777777784,116.0,7887.0,3,0.0,False,8,-5158.7394961309,-6125.749552448818,1772.2617133243339
2025-05-31 14:59:28.104,0 days 01:12:58.461000,0 days 00:00:30.474000,2110.3146329302117,113.11428754285714,7748.485802057143,3,1.4428562285714286,False,8,-5116.0,-6171.0,1769.0
2025-05-31 14:59:28.182,0 days 01:12:58.539000,0 days 00:00:30.552000,2112.7013888888896,112.0,7695.0,3,2.0,False,8,-5099.32742015621,-6184.714507587629,1768.222096217224
2025-05-31 14:59:28.304,0 days 01:12:58.661000,0 days 00:00:30.674000,2116.359127519738,110.31025078076468,7845.049730668096,3,16.193893441576677,False,8,-5068.0,-6204.0,1767.0
2025-05-31 14:59:28.543,0 days 01:12:58.900000,0 days 00:00:30.913000,2123.431111111112,107.0,8139.0,3,44.0,False,8,-4967.695173252483,-6241.821132110736,1761.9889885392104
2025-05-31 14:59:28.584,0 days 01:12:58.941000,0 days 00:00:30.954000,2124.6666546918727,107.7687488,8206.6498944,3,46.562496,False,8,-4950.0,-6246.0,1761.0
2025-05-31 14:59:28.703,0 days 01:12:59.060000,0 days 00:00:31.073000,2128.3200000000006,110.0,8403.0,3,54.0,False,8,-4901.72785886171,-6252.381628369612,1758.100112001448
2025-05-31 14:59:28.944,0 days 01:12:59.301000,0 days 00:00:31.314000,2136.1920157578284,116.88571245714286,8787.739183542857,3,61.746426514285716,False,8,-4825.0,-6250.0,1753.0
2025-05-31 14:59:28.983,0 days 01:12:59.340000,0 days 00:00:31.353000,2137.4977777777785,118.0,8850.0,3,63.0,False,8,-4816.572372869664,-6249.784090522,1752.4465615500233
2025-05-31 14:59:29.223,0 days 01:12:59.580000,0 days 00:00:31.593000,2145.764444444445,124.0,9669.0,3,82.0,False,8,-4777.0198482450105,-6246.820316441488,1749.91987721701
2025-05-31 14:59:29.304,0 days 01:12:59.661000,0 days 00:00:31.674000,2148.7778217786695,128.0499968,9914.474806044444,3,84.0249984,False,8,-4748.0,-6239.0,1748.0
2025-05-31 14:59:29.583,0 days 01:12:59.940000,0 days 00:00:31.953000,2159.964444444445,142.0,10760.0,3,91.0,False,8,-4589.75662363053,-6187.736016207888,1737.4845216311664
2025-05-31 14:59:29.604,0 days 01:12:59.961000,0 days 00:00:31.974000,2160.833434135847,143.0499968,10760.0,3,91.0,False,8,-4582.0,-6185.0,1737.0
2025-05-31 14:59:29.783,0 days 01:13:00.140000,0 days 00:00:32.153000,2168.408888888889,152.0,10760.0,3,91.0,False,8,-4553.68037472641,-6172.695217755609,1735.5916826894806
2025-05-31 14:59:29.844,0 days 01:13:00.201000,0 days 00:00:32.214000,2171.0955550582084,154.7958304,11007.81224,3,93.0333312,False,8,-4543.0,-6167.0,1735.0
2025-05-31 14:59:30.023,0 days 01:13:00.380000,0 days 00:00:32.393000,2179.275555555556,163.0,11735.0,3,99.0,False,8,-4480.067447782514,-6135.469991459991,1730.8133078183016
2025-05-31 14:59:30.223,0 days 01:13:00.580000,0 days 00:00:32.593000,2188.8311111111116,172.0,11175.0,4,99.0,False,8,-4387.83601473037,-6088.446914555115,1724.0649884857214
2025-05-31 14:59:30.225,0 days 01:13:00.582000,0 days 00:00:32.595000,2188.929310036454,172.1124928,11174.3000448,4,99.0,False,8,-4387.0,-6088.0,1724.0
2025-05-31 14:59:30.383,0 days 01:13:00.740000,0 days 00:00:32.753000,2196.875555555556,181.0,11119.0,4,99.0,False,8,-4320.457374781369,-6051.306507442025,1718.7984411388902
2025-05-31 14:59:30.404,0 days 01:13:00.761000,0 days 00:00:32.774000,2197.962784340733,181.76363403636364,11098.047791127272,4,99.0,False,8,-4309.0,-6045.0,1718.0
2025-05-31 14:59:30.644,0 days 01:13:01.001000,0 days 00:00:33.014000,2210.917366389486,190.49090676363636,10858.593245672728,4,99.0,False,8,-4147.0,-5957.0,1708.0
2025-05-31 14:59:30.823,0 days 01:13:01.180000,0 days 00:00:33.193000,2220.9533333333334,197.0,10680.0,5,99.0,False,8,-4097.799006187006,-5930.633049808001,1704.8909006860815
2025-05-31 14:59:30.904,0 days 01:13:01.261000,0 days 00:00:33.274000,2225.5502383009807,199.531248,10788.843664,5,99.0,False,8,-4073.0,-5918.0,1703.0
2025-05-31 14:59:31.085,0 days 01:13:01.442000,0 days 00:00:33.455000,2235.962679281318,205.187496,11032.062328,5,99.0,False,8,-3981.0,-5872.0,1696.0
2025-05-31 14:59:31.143,0 days 01:13:01.500000,0 days 00:00:33.513000,2239.3533333333335,207.0,11110.0,5,99.0,False,8,-3951.258209031157,-5857.439021173271,1694.1576191465044
2025-05-31 14:59:31.343,0 days 01:13:01.700000,0 days 00:00:33.713000,2251.2422222222226,214.0,11291.0,5,99.0,False,8,-3847.448262879838,-5809.009191146501,1689.341958065181
2025-05-31 14:59:31.384,0 days 01:13:01.741000,0 days 00:00:33.754000,2253.7081485519284,214.87857005714287,11293.196425142856,5,99.14642834285715,False,8,-3820.0,-5797.0,1688.0
2025-05-31 14:59:31.605,0 days 01:13:01.962000,0 days 00:00:33.975000,2267.223950238459,219.61428297142857,11305.035707428571,5,99.93571382857142,False,8,-3648.0,-5725.0,1679.0
2025-05-31 14:59:31.623,0 days 01:13:01.980000,0 days 00:00:33.993000,2268.353333333334,220.0,11306.0,5,100.0,False,8,-3636.5642449834913,-5720.374626679632,1678.414254472058
2025-05-31 14:59:31.983,0 days 01:13:02.340000,0 days 00:00:34.353000,2291.753333333334,234.0,10734.0,6,99.0,False,8,-3482.643975823051,-5657.478093167534,1671.8803551178985
2025-05-31 14:59:32.044,0 days 01:13:02.401000,0 days 00:00:34.414000,2295.7779549592183,235.08928457142858,10775.392813714287,6,99.0,False,8,-3435.0,-5634.0,1670.0
2025-05-31 14:59:32.224,0 days 01:13:02.581000,0 days 00:00:34.594000,2307.724158532277,238.30357028571427,10897.535670857143,6,99.0,False,8,-3259.0,-5544.0,1663.0
2025-05-31 14:59:32.263,0 days 01:13:02.620000,0 days 00:00:34.633000,2310.342222222223,239.0,10924.0,6,99.0,False,8,-3233.443399962821,-5530.771923593455,1662.0319868456477
2025-05-31 14:59:32.463,0 days 01:13:02.820000,0 days 00:00:34.833000,2323.953333333334,245.0,11096.0,6,99.0,False,8,-3180.081304446,-5499.72917002179,1660.6012719916964
2025-05-31 14:59:32.524,0 days 01:13:02.881000,0 days 00:00:34.894000,2328.162252474049,246.06749888,11158.82993408,6,99.0,False,8,-3154.0,-5481.0,1660.0
2025-05-31 14:59:32.824,0 days 01:13:03.181000,0 days 00:00:35.194000,2349.1935345350958,251.31749888,11467.82993408,6,99.0,False,8,-2920.0,-5308.0,1654.0
2025-05-31 14:59:32.863,0 days 01:13:03.220000,0 days 00:00:35.233000,2351.953333333334,252.0,11508.0,6,99.0,False,8,-2895.7109316893934,-5289.006755689494,1653.412184993873
2025-05-31 14:59:33.103,0 days 01:13:03.460000,0 days 00:00:35.473000,2369.0200000000004,256.0,11719.0,6,99.0,False,8,-2809.620282772319,-5212.021271026395,1651.743483246375
2025-05-31 14:59:33.265,0 days 01:13:03.622000,0 days 00:00:35.635000,2380.5704273479837,256.80999936,11822.67991808,6,99.0,False,8,-2755.0,-5152.0,1651.0
2025-05-31 14:59:33.303,0 days 01:13:03.660000,0 days 00:00:35.673000,2383.2977777777783,257.0,11847.0,6,99.0,False,8,-2738.7806425395006,-5133.90701108344,1650.7710846345462
2025-05-31 14:59:33.485,0 days 01:13:03.842000,0 days 00:00:35.855000,2396.4855284367586,260.63999744,11953.46992512,6,99.0,False,8,-2650.0,-5032.0,1650.0
2025-05-31 14:59:33.503,0 days 01:13:03.860000,0 days 00:00:35.873000,2397.797777777778,261.0,11964.0,6,99.0,False,8,-2641.353654152598,-5021.5240548720185,1650.0541976992222
2025-05-31 14:59:33.643,0 days 01:13:04,0 days 00:00:36.013000,2408.04282014987,262.75,12006.583333333334,6,99.0,False,8,-2577.0,-4940.0,1651.0
2025-05-31 14:59:33.743,0 days 01:13:04.100000,0 days 00:00:36.113000,2415.397777777778,264.0,12037.0,6,99.0,False,8,-2534.8437307038557,-4883.728295814524,1651.2246163333734
2025-05-31 14:59:33.884,0 days 01:13:04.241000,0 days 00:00:36.254000,2425.8153082706135,264.0,11835.0679488,6,54.6857344,False,8,-2477.0,-4803.0,1651.0
2025-05-31 14:59:34.023,0 days 01:13:04.380000,0 days 00:00:36.393000,2435.9311111111115,264.0,11636.0,6,11.0,False,8,-2415.82196610815,-4714.781473566625,1650.7017424337887
2025-05-31 14:59:34.164,0 days 01:13:04.521000,0 days 00:00:36.534000,2445.82838311665,255.60188637454317,11764.18173428329,6,6.137934216840784,False,8,-2356.0,-4628.0,1651.0
2025-05-31 14:59:34.324,0 days 01:13:04.681000,0 days 00:00:36.694000,2456.4905796515163,246.07210772221038,11909.636250555737,6,0.6206939444375781,False,8,-2293.0,-4537.0,1653.0
2025-05-31 14:59:34.342,0 days 01:13:04.699000,0 days 00:00:36.712000,2457.640833333334,245.0,11926.0,6,0.0,True,8,-2284.318003293352,-4523.986203703636,1653.3682872916984
2025-05-31 14:59:34.542,0 days 01:13:04.899000,0 days 00:00:36.912000,2469.974166666667,222.0,11590.0,6,0.0,True,8,-2173.317496134577,-4352.522186987779,1658.5765114225155
2025-05-31 14:59:34.564,0 days 01:13:04.921000,0 days 00:00:36.934000,2471.341017322314,222.0,11491.2755744,6,0.0,True,8,-2164.0,-4338.0,1659.0
2025-05-31 14:59:34.702,0 days 01:13:05.059000,0 days 00:00:37.072000,2479.8408333333336,222.0,10872.0,6,0.0,True,8,-2127.4108158023073,-4280.793859609469,1660.4478977861877
2025-05-31 14:59:34.943,0 days 01:13:05.300000,0 days 00:00:37.313000,2492.6272222222224,191.0,11056.0,4,0.0,True,8,-2111.1047723352895,-4216.570208658658,1660.9915153288107
2025-05-31 14:59:34.944,0 days 01:13:05.301000,0 days 00:00:37.314000,2492.6781483921845,190.97250176,11054.81507584,4,0.0,True,8,-2111.0,-4216.0,1661.0
2025-05-31 14:59:35.164,0 days 01:13:05.521000,0 days 00:00:37.534000,2503.783662043225,184.92250176,10794.11507584,4,0.0,True,8,-2084.0,-4048.0,1664.0
2025-05-31 14:59:35.343,0 days 01:13:05.700000,0 days 00:00:37.713000,2512.6272222222224,180.0,10582.0,4,0.0,False,8,-2078.716652015222,-3939.5859451149877,1666.9886904143368
2025-05-31 14:59:35.583,0 days 01:13:05.940000,0 days 00:00:37.953000,2524.2272222222223,174.0,10178.0,4,3.0,False,8,-2093.2672082025124,-3840.8546067262723,1671.5579794464918
2025-05-31 14:59:35.604,0 days 01:13:05.961000,0 days 00:00:37.974000,2525.2445842767575,174.0,10152.1438288,4,4.1812464,False,8,-2095.0,-3833.0,1672.0
2025-05-31 14:59:35.743,0 days 01:13:06.100000,0 days 00:00:38.113000,2531.9605555555554,174.0,9981.0,4,12.0,False,8,-2108.199225790292,-3783.8622245225524,1675.0992103040976
2025-05-31 14:59:35.984,0 days 01:13:06.341000,0 days 00:00:38.354000,2543.054187186947,169.07045585454546,10180.920401454545,4,39.93408349090909,False,8,-2139.0,-3708.0,1680.0
2025-05-31 14:59:36.183,0 days 01:13:06.540000,0 days 00:00:38.553000,2552.127222222222,165.0,10346.0,4,63.0,False,8,-2176.9634835572574,-3648.4032093839432,1682.3242766447013
2025-05-31 14:59:36.224,0 days 01:13:06.581000,0 days 00:00:38.594000,2554.033005243357,165.81999872,10404.62990848,4,65.66499584,False,8,-2190.0,-3634.0,1683.0
2025-05-31 14:59:36.383,0 days 01:13:06.740000,0 days 00:00:38.753000,2561.516111111111,169.0,10632.0,4,76.0,False,8,-2263.315005507188,-3567.4708569113236,1686.87551564768
2025-05-31 14:59:36.583,0 days 01:13:06.940000,0 days 00:00:38.953000,2571.0716666666667,172.0,10835.0,4,78.0,False,8,-2371.0646227625534,-3482.779641844202,1692.545532029869
2025-05-31 14:59:36.604,0 days 01:13:06.961000,0 days 00:00:38.974000,2572.097805487991,172.656248,10884.4154744,4,79.3781208,False,8,-2380.0,-3476.0,1693.0
2025-05-31 14:59:36.903,0 days 01:13:07.260000,0 days 00:00:39.273000,2587.2494444444446,182.0,11588.0,4,99.0,False,8,-2464.816205276988,-3415.7714284704853,1697.328525461276
2025-05-31 14:59:37.004,0 days 01:13:07.361000,0 days 00:00:39.374000,2592.5654929615093,185.4718728,11245.547092,4,99.0,False,8,-2497.0,-3390.0,1700.0
2025-05-31 14:59:37.184,0 days 01:13:07.541000,0 days 00:00:39.554000,2602.2676294269245,191.6593728,10635.234592,4,99.0,False,8,-2569.0,-3327.0,1707.0
2025-05-31 14:59:37.223,0 days 01:13:07.580000,0 days 00:00:39.593000,2604.405,193.0,10503.0,4,99.0,False,8,-2583.244273464003,-3313.916323139566,1708.3282039805704
2025-05-31 14:59:37.384,0 days 01:13:07.741000,0 days 00:00:39.754000,2613.359590397696,198.031248,10747.015528,4,99.0,False,8,-2641.0,-3252.0,1714.0
2025-05-31 14:59:37.543,0 days 01:13:07.900000,0 days 00:00:39.913000,2622.4494444444445,203.0,10988.0,5,99.0,False,8,-2721.3864061463746,-3137.6833440229375,1724.5059744074997
2025-05-31 14:59:37.624,0 days 01:13:07.981000,0 days 00:00:39.994000,2627.1891417770557,205.69999786666668,11108.824904533334,5,99.0,False,8,-2754.0,-3088.0,1729.0
2025-05-31 14:59:37.885,0 days 01:13:08.242000,0 days 00:00:40.255000,2642.8579198899643,214.39999573333333,11498.149809066666,5,99.0,False,8,-2798.0,-3003.0,1735.0
2025-05-31 14:59:37.903,0 days 01:13:08.260000,0 days 00:00:40.273000,2643.949444444445,215.0,11525.0,5,99.0,False,8,-2802.89666333636,-2992.1298408037596,1735.6319852740464
2025-05-31 14:59:38.103,0 days 01:13:08.460000,0 days 00:00:40.473000,2656.171666666667,220.0,11491.0,5,99.0,False,8,-2883.8408544744134,-2813.62503830322,1746.0253192322107
2025-05-31 14:59:38.165,0 days 01:13:08.522000,0 days 00:00:40.535000,2660.017162884722,221.3562472,11316.0441112,5,99.0,False,8,-2906.0,-2765.0,1749.0
2025-05-31 14:59:38.423,0 days 01:13:08.780000,0 days 00:00:40.793000,2676.349444444445,227.0,10588.0,6,99.0,False,8,-2953.390570215128,-2662.661744909373,1756.579531529615
2025-05-31 14:59:38.584,0 days 01:13:08.941000,0 days 00:00:40.954000,2686.81835339413,232.36666453333333,10644.3499776,6,99.0,False,8,-2982.0,-2603.0,1761.0
2025-05-31 14:59:38.663,0 days 01:13:09.020000,0 days 00:00:41.033000,2692.016111111112,235.0,10672.0,6,99.0,False,8,-3002.9628350755634,-2559.26424343444,1763.8109260033825
2025-05-31 14:59:38.745,0 days 01:13:09.102000,0 days 00:00:41.115000,2697.4460794804327,236.63999744,10788.43981824,6,99.0,False,8,-3027.0,-2509.0,1767.0
2025-05-31 14:59:38.863,0 days 01:13:09.220000,0 days 00:00:41.233000,2705.2938888888893,239.0,10956.0,6,99.0,False,8,-3060.945244183806,-2437.619801585711,1771.743774825612
2025-05-31 14:59:38.945,0 days 01:13:09.302000,0 days 00:00:41.315000,2710.7448626471455,239.0,11046.1998592,6,99.0,False,8,-3084.0,-2389.0,1775.0
2025-05-31 14:59:39.063,0 days 01:13:09.420000,0 days 00:00:41.433000,2718.571666666667,239.0,11176.0,6,99.0,False,8,-3116.3152842754716,-2320.796811669753,1779.4677658254932
2025-05-31 14:59:39.184,0 days 01:13:09.541000,0 days 00:00:41.554000,2726.575017309664,239.0,11345.3999104,6,99.0,False,8,-3149.0,-2252.0,1784.0
2025-05-31 14:59:39.223,0 days 01:13:09.580000,0 days 00:00:41.593000,2729.1938888888894,239.0,11400.0,6,99.0,False,8,-3159.5705989619237,-2229.846472992186,1785.4984315858333
2025-05-31 14:59:39.444,0 days 01:13:09.801000,0 days 00:00:41.814000,2744.6158880547673,247.03636130909092,11527.0749632,6,99.0,False,8,-3227.0,-2089.0,1795.0
2025-05-31 14:59:39.644,0 days 01:13:10.001000,0 days 00:00:42.014000,2758.996411090875,254.30908858181817,11642.0749632,6,99.0,False,8,-3312.0,-1911.0,1806.0
2025-05-31 14:59:39.663,0 days 01:13:10.020000,0 days 00:00:42.033000,2760.360555555556,255.0,11653.0,6,99.0,False,8,-3318.923189946815,-1896.560585764455,1806.873968038428
2025-05-31 14:59:39.903,0 days 01:13:10.260000,0 days 00:00:42.273000,2777.627222222223,259.0,10938.0,6,99.0,False,8,-3379.014852751531,-1771.4502293857743,1814.3730348595786
2025-05-31 14:59:40.025,0 days 01:13:10.382000,0 days 00:00:42.395000,2786.550565134561,261.2874976,10840.781352,6,99.0,False,8,-3406.0,-1708.0,1819.0
2025-05-31 14:59:40.183,0 days 01:13:10.540000,0 days 00:00:42.553000,2798.226379920978,264.25,10714.875,6,99.0,False,8,-3445.0,-1606.0,1827.0
2025-05-31 14:59:40.223,0 days 01:13:10.580000,0 days 00:00:42.593000,2801.1827777777785,265.0,10683.0,7,99.0,False,8,-3454.2859190524164,-1579.5513279655188,1828.7687583827242
2025-05-31 14:59:40.384,0 days 01:13:10.741000,0 days 00:00:42.754000,2813.078480603617,265.67083306666666,10754.779138133334,7,92.29166933333333,False,8,-3486.0,-1460.0,1835.0
2025-05-31 14:59:40.463,0 days 01:13:10.820000,0 days 00:00:42.833000,2818.9161111111116,266.0,10790.0,7,89.0,False,8,-3496.4201353116055,-1377.9079237340738,1838.563575983263
2025-05-31 14:59:40.644,0 days 01:13:11.001000,0 days 00:00:43.014000,2832.2969534608105,266.0,10741.461177830788,7,89.0,False,8,-3507.0,-1168.0,1847.0
2025-05-31 14:59:40.862,0 days 01:13:11.219000,0 days 00:00:43.232000,2848.397777777778,266.0,10683.0,7,89.0,False,8,-3495.7637167057414,-1007.3960300551034,1853.333071422415
2025-05-31 14:59:41.062,0 days 01:13:11.419000,0 days 00:00:43.432000,2863.120000000001,265.0,10688.0,7,89.0,False,8,-3470.0276409132307,-911.3502849617954,1857.1309295728724
2025-05-31 14:59:41.104,0 days 01:13:11.461000,0 days 00:00:43.474000,2866.2026125445736,264.7375008,10678.812528,7,89.0,False,8,-3464.0,-890.0,1858.0
2025-05-31 14:59:41.222,0 days 01:13:11.579000,0 days 00:00:43.592000,2874.853333333334,264.0,10653.0,7,89.0,False,8,-3445.91978178276,-827.7509584851081,1860.5775834258948
2025-05-31 14:59:41.383,0 days 01:13:11.740000,0 days 00:00:43.753000,2886.6600000000008,264.0,10645.0,7,90.0,False,8,-3416.213357342186,-737.5782543025059,1863.9812860253382
2025-05-31 14:59:41.384,0 days 01:13:11.741000,0 days 00:00:43.754000,2886.733204315358,263.9958336,10645.1791552,7,90.0374976,False,8,-3416.0,-737.0,1864.0
2025-05-31 14:59:41.623,0 days 01:13:11.980000,0 days 00:00:43.993000,2904.193333333334,263.0,10688.0,7,99.0,False,8,-3350.89113529873,-590.1041573091545,1867.8629574482181
2025-05-31 14:59:41.684,0 days 01:13:12.041000,0 days 00:00:44.054000,2908.6578794401858,263.2541664,10691.3041632,7,99.0,False,8,-3325.0,-547.0,1869.0
2025-05-31 14:59:41.863,0 days 01:13:12.220000,0 days 00:00:44.233000,2921.7933333333335,264.0,10701.0,7,99.0,False,8,-3226.847234700059,-412.51231286468567,1872.711489138096
2025-05-31 14:59:41.883,0 days 01:13:12.240000,0 days 00:00:44.253000,2923.2639518623905,264.1,10709.4,7,99.0,False,8,-3216.0,-400.0,1873.0
2025-05-31 14:59:42.063,0 days 01:13:12.420000,0 days 00:00:44.433000,2936.515555555556,265.0,10785.0,7,99.0,False,8,-3124.293746798437,-319.04720845249926,1873.965870016733
2025-05-31 14:59:42.104,0 days 01:13:12.461000,0 days 00:00:44.474000,2939.5326812349167,265.0,10778.3375104,7,99.0,False,8,-3100.0,-303.0,1874.0
2025-05-31 14:59:42.223,0 days 01:13:12.580000,0 days 00:00:44.593000,2948.293333333334,265.0,10759.0,7,99.0,False,8,-3017.0425638895963,-255.18992036990892,1873.9736510076411
2025-05-31 14:59:42.304,0 days 01:13:12.661000,0 days 00:00:44.674000,2954.2740031897274,265.5062496,10759.5062496,7,99.0,False,8,-2959.0,-226.0,1874.0
2025-05-31 14:59:42.464,0 days 01:13:12.821000,0 days 00:00:44.834000,2966.1371792142804,266.5062496,10760.5062496,7,99.0,False,8,-2845.0,-178.0,1874.0
2025-05-31 14:59:42.543,0 days 01:13:12.900000,0 days 00:00:44.913000,2972.0266666666666,267.0,10761.0,7,99.0,False,8,-2766.0797851594575,-146.88914602308785,1873.1353332228023
2025-05-31 14:59:42.684,0 days 01:13:13.041000,0 days 00:00:45.054000,2982.5940470005316,268.40999936,10891.4249408,7,99.0,False,8,-2619.0,-89.0,1871.0
2025-05-31 14:59:42.943,0 days 01:13:13.300000,0 days 00:00:45.313000,3002.137777777778,271.0,11131.0,7,99.0,False,14,-2500.9045136621357,-37.28895992883446,1870.2358523362554
2025-05-31 14:59:42.984,0 days 01:13:13.341000,0 days 00:00:45.354000,3005.2379495007317,271.5124992,11121.0062656,7,99.2562496,False,14,-2481.0,-28.0,1870.0
2025-05-31 14:59:43.103,0 days 01:13:13.460000,0 days 00:00:45.473000,3014.271111111111,273.0,11092.0,7,100.0,False,14,-2406.333127435367,6.571042491773394,1868.753727293879
2025-05-31 14:59:43.244,0 days 01:13:13.601000,0 days 00:00:45.614000,3025.134577034325,275.46749888,11146.6374752,7,100.0,False,14,-2302.0,55.0,1867.0
2025-05-31 14:59:43.503,0 days 01:13:13.860000,0 days 00:00:45.873000,3045.382222222222,280.0,11247.0,7,100.0,False,12,-2120.6709509663547,140.68429915338535,1865.0103821894857
2025-05-31 14:59:43.504,0 days 01:13:13.861000,0 days 00:00:45.874000,3045.4604657283585,280.0124992,11247.46872,7,100.0,False,12,-2120.0,141.0,1865.0
2025-05-31 14:59:43.663,0 days 01:13:14.020000,0 days 00:00:46.033000,3057.915555555556,282.0,11322.0,7,100.0,False,12,-2007.848320113103,193.6004940223488,1863.012419444987
2025-05-31 14:59:43.664,0 days 01:13:14.021000,0 days 00:00:46.034000,3057.994126420375,282.0107136,11322.5213952,7,100.0,False,12,-2007.0,194.0,1863.0
2025-05-31 14:59:43.943,0 days 01:13:14.300000,0 days 00:00:46.313000,3080.0822222222228,285.0,11468.0,7,100.0,False,12,-1720.8615896935319,329.59130194350547,1860.0097476210992
2025-05-31 14:59:43.944,0 days 01:13:14.301000,0 days 00:00:46.314000,3080.162050082293,285.015624,11468.4499712,7,100.0,False,12,-1720.0,330.0,1860.0
2025-05-31 14:59:44.263,0 days 01:13:14.620000,0 days 00:00:46.633000,3105.8600000000006,290.0,11612.0,7,100.0,False,12,-1551.726033370517,409.6835445920389,1857.1153448202729
2025-05-31 14:59:44.405,0 days 01:13:14.762000,0 days 00:00:46.775000,3117.4124555408534,291.7749984,11673.2374448,7,100.0,False,12,-1473.0,447.0,1856.0
2025-05-31 14:59:44.544,0 days 01:13:14.901000,0 days 00:00:46.914000,3128.788010169534,293.5124992,11733.1812224,7,100.0,False,12,-1370.0,496.0,1855.0
2025-05-31 14:59:44.583,0 days 01:13:14.940000,0 days 00:00:46.953000,3131.993333333334,294.0,11750.0,7,100.0,False,12,-1340.4331273511245,510.1941558650918,1854.7178604378796
2025-05-31 14:59:44.784,0 days 01:13:15.141000,0 days 00:00:47.154000,3148.607918044309,296.28409018181816,11209.584262981818,7,100.0,False,12,-1193.0,582.0,1853.0
2025-05-31 14:59:44.945,0 days 01:13:15.302000,0 days 00:00:47.315000,3162.0171500467745,298.11363490909093,10776.71398050909,7,100.0,False,12,-1079.0,639.0,1851.0
2025-05-31 14:59:45.023,0 days 01:13:15.380000,0 days 00:00:47.393000,3168.537777777778,299.0,10567.0,8,100.0,False,12,-1012.4680418882817,673.3691108279794,1850.287485557249
2025-05-31 14:59:45.205,0 days 01:13:15.562000,0 days 00:00:47.575000,3183.8137104946263,300.81999872,10637.06995072,8,100.0,False,12,-850.0,759.0,1849.0
2025-05-31 14:59:45.423,0 days 01:13:15.780000,0 days 00:00:47.793000,3202.2044444444446,303.0,10721.0,8,100.0,False,12,-721.1099367841914,828.0340077590671,1846.5107516765902
2025-05-31 14:59:45.465,0 days 01:13:15.822000,0 days 00:00:47.835000,3205.7564077259335,303.41999872,10741.78993664,8,99.79000064,False,12,-695.0,842.0,1846.0
2025-05-31 14:59:45.623,0 days 01:13:15.980000,0 days 00:00:47.993000,3219.1488888888894,305.0,10820.0,8,99.0,False,12,-579.2490797875954,903.5908437530867,1844.1319418179223
2025-05-31 14:59:45.725,0 days 01:13:16.082000,0 days 00:00:48.095000,3227.8278569189065,305.8499989333333,10844.2249696,8,99.0,False,12,-500.0,946.0,1843.0
2025-05-31 14:59:45.863,0 days 01:13:16.220000,0 days 00:00:48.233000,3239.6155555555556,307.0,10877.0,8,99.0,False,12,-396.11985374669825,1002.2398842461284,1841.5865899261387
2025-05-31 14:59:45.924,0 days 01:13:16.281000,0 days 00:00:48.294000,3244.844020879127,307.5083328,10888.861098666666,8,99.16944426666667,False,12,-350.0,1027.0,1841.0
2025-05-31 14:59:46.144,0 days 01:13:16.501000,0 days 00:00:48.514000,3263.7873774775308,309.3416661333333,10931.638876444444,8,99.78055537777777,False,12,-183.0,1115.0,1839.0
2025-05-31 14:59:46.223,0 days 01:13:16.580000,0 days 00:00:48.593000,3270.615555555556,310.0,10947.0,8,100.0,False,12,-128.54626975084912,1143.9580869274955,1838.2495108022265
2025-05-31 14:59:46.383,0 days 01:13:16.740000,0 days 00:00:48.753000,3284.4822222222224,312.0,10979.0,8,100.0,False,12,-11.34798884147705,1206.888523762403,1836.535993563915
2025-05-31 14:59:46.424,0 days 01:13:16.781000,0 days 00:00:48.794000,3288.043471221847,312.20499968,11004.62496,8,100.0,False,12,30.0,1229.0,1836.0
2025-05-31 14:59:46.583,0 days 01:13:16.940000,0 days 00:00:48.953000,3301.8711111111115,313.0,11104.0,8,100.0,False,12,231.79071238223972,1336.28365682144,1833.5961982381264
2025-05-31 14:59:46.625,0 days 01:13:16.982000,0 days 00:00:48.995000,3305.52161740089,313.0,11087.2000512,8,100.0,False,12,283.0,1363.0,1833.0
2025-05-31 14:59:46.823,0 days 01:13:17.180000,0 days 00:00:49.193000,3322.737777777778,313.0,11008.0,8,100.0,False,12,472.2103168620053,1457.1610794980888,1830.7936793454571
2025-05-31 14:59:47.043,0 days 01:13:17.400000,0 days 00:00:49.413000,3341.935009637994,313.9166666666667,11044.666666666666,8,99.08333333333333,False,12,611.0,1520.0,1829.0
2025-05-31 14:59:47.063,0 days 01:13:17.420000,0 days 00:00:49.433000,3343.6711111111113,314.0,11048.0,8,99.0,False,12,621.587390644232,1524.6649494543824,1828.841879765188
2025-05-31 14:59:47.343,0 days 01:13:17.700000,0 days 00:00:49.713000,3367.1600000000003,302.0,10060.0,8,0.0,True,8,746.3993599941034,1577.0167943567542,1826.6708824108314
2025-05-31 14:59:47.424,0 days 01:13:17.781000,0 days 00:00:49.794000,3373.196671558493,285.05441123229156,9790.226226818082,8,0.0,True,8,791.0,1595.0,1826.0
2025-05-31 14:59:47.582,0 days 01:13:17.939000,0 days 00:00:49.952000,3383.8900000000003,252.0,9264.0,8,0.0,True,8,898.1485941923063,1637.8800502923314,1824.6162050487
2025-05-31 14:59:47.664,0 days 01:13:18.021000,0 days 00:00:50.034000,3388.959877633926,242.33107944940835,9441.94532628685,8,0.0,True,8,951.0,1659.0,1824.0
2025-05-31 14:59:47.843,0 days 01:13:18.200000,0 days 00:00:50.213000,3398.9367834232326,221.22449287611687,9830.38769841454,8,0.0,True,8,1055.0,1702.0,1823.0
2025-05-31 14:59:48.004,0 days 01:13:18.361000,0 days 00:00:50.374000,3407.3998945063754,202.24037068340982,10179.76856261494,8,0.0,True,8,1192.0,1765.0,1822.0
2025-05-31 14:59:48.023,0 days 01:13:18.380000,0 days 00:00:50.393000,3408.3900000000003,200.0,10221.0,8,0.0,True,8,1205.5000467185887,1771.4518388507497,1821.8849403301592
2025-05-31 14:59:48.183,0 days 01:13:18.540000,0 days 00:00:50.553000,3416.567777777778,184.0,10796.0,8,0.0,True,8,1279.0129685466331,1809.2067201407535,1820.9855106889945
2025-05-31 14:59:48.463,0 days 01:13:18.820000,0 days 00:00:50.833000,3429.2455555555557,163.0,11383.0,8,0.0,True,8,1320.1702718442743,1846.8925366132185,1820.0209819324045
2025-05-31 14:59:48.504,0 days 01:13:18.861000,0 days 00:00:50.874000,3430.998614072239,161.29166933333335,11231.641902933334,8,0.0,True,8,1332.0,1857.0,1820.0
2025-05-31 14:59:48.544,0 days 01:13:18.901000,0 days 00:00:50.914000,3432.691023098526,159.62500266666666,11083.975236266666,8,0.0,True,8,1345.0,1868.0,1820.0
2025-05-31 14:59:48.823,0 days 01:13:19.180000,0 days 00:00:51.193000,3444.045555555556,148.0,10054.0,4,0.0,True,8,1416.792880588754,1953.596420723631,1819.0038323203648
2025-05-31 14:59:48.824,0 days 01:13:19.181000,0 days 00:00:51.194000,3444.085017714674,147.964288,10051.9608448,4,0.0,True,8,1417.0,1954.0,1819.0
2025-05-31 14:59:49.103,0 days 01:13:19.460000,0 days 00:00:51.473000,3454.7788888888895,138.0,9483.0,3,0.0,True,8,1460.8920547020446,2086.4466428926657,1818.1472577021973
2025-05-31 14:59:49.144,0 days 01:13:19.501000,0 days 00:00:51.514000,3456.302369935541,136.77000192,9407.97011712,3,0.0,True,8,1464.0,2101.0,1818.0
2025-05-31 14:59:49.303,0 days 01:13:19.660000,0 days 00:00:51.673000,3462.112222222223,132.0,9117.0,3,0.0,True,8,1466.8078650159935,2135.8398199639305,1817.3121089044262
2025-05-31 14:59:49.404,0 days 01:13:19.761000,0 days 00:00:51.774000,3465.7423511703328,130.1062512,9045.0375456,3,0.0,True,8,1464.0,2159.0,1817.0
2025-05-31 14:59:49.463,0 days 01:13:19.820000,0 days 00:00:51.833000,3467.845555555556,129.0,9003.0,3,0.0,False,8,1461.5010068900026,2177.8083339404843,1816.9201523500255
2025-05-31 14:59:49.584,0 days 01:13:19.941000,0 days 00:00:51.954000,3472.1231978995443,127.4875008,8840.406336,3,0.0,False,8,1454.0,2223.0,1817.0
2025-05-31 14:59:49.623,0 days 01:13:19.980000,0 days 00:00:51.993000,3473.4900000000007,127.0,8788.0,3,0.0,False,8,1450.72572934951,2236.983955299148,1817.0987263455202
2025-05-31 14:59:49.823,0 days 01:13:20.180000,0 days 00:00:52.193000,3480.3788888888894,124.0,8410.0,3,0.0,False,8,1427.6052118731268,2303.026377378589,1818.1989510717447
2025-05-31 14:59:49.904,0 days 01:13:20.261000,0 days 00:00:52.274000,3483.081593397965,122.734376,8347.7312992,3,1.7718736,False,8,1416.0,2328.0,1819.0
2025-05-31 14:59:50.064,0 days 01:13:20.421000,0 days 00:00:52.434000,3488.314786650283,120.234376,8224.7312992,3,5.2718736,False,8,1390.0,2375.0,1821.0
2025-05-31 14:59:50.143,0 days 01:13:20.500000,0 days 00:00:52.513000,3490.9566666666674,119.0,8164.0,3,7.0,False,8,1375.9733745401625,2397.069984290444,1821.7255763716585
2025-05-31 14:59:50.385,0 days 01:13:20.742000,0 days 00:00:52.755000,3499.3985214857007,122.4031232,8596.7638336,3,21.368742400000002,False,8,1328.0,2460.0,1823.0
2025-05-31 14:59:51.324,0 days 01:13:21.681000,0 days 00:00:53.694000,3535.772342778794,135.6078116,10275.9600418,3,77.1218712,False,8,1057.0,2629.0,1830.0
2025-05-31 14:59:51.423,0 days 01:13:21.780000,0 days 00:00:53.793000,3539.6677777777786,137.0,10453.0,3,83.0,False,8,1020.1950615051109,2637.688333306075,1830.6372969735364
2025-05-31 14:59:51.465,0 days 01:13:21.822000,0 days 00:00:53.835000,3541.3193798174307,137.9187472,10552.093448,3,83.7874976,False,8,1004.0,2641.0,1831.0
2025-05-31 14:59:51.704,0 days 01:13:22.061000,0 days 00:00:54.074000,3550.838782306116,143.1468736,11115.984224,3,88.2687488,False,8,907.0,2656.0,1834.0
2025-05-31 14:59:51.743,0 days 01:13:22.100000,0 days 00:00:54.113000,3552.467777777779,144.0,11208.0,3,89.0,False,8,891.4230274175421,2657.443711336727,1834.2983900199335
2025-05-31 14:59:51.884,0 days 01:13:22.241000,0 days 00:00:54.254000,3558.5822903175076,152.0571392,11419.499904,3,91.0142848,False,8,834.0,2660.0,1835.0
2025-05-31 14:59:52.023,0 days 01:13:22.380000,0 days 00:00:54.393000,3564.912222222223,160.0,11628.0,3,93.0,False,8,768.3592892326029,2658.5200730584484,1836.195499156509
2025-05-31 14:59:52.104,0 days 01:13:22.461000,0 days 00:00:54.474000,3568.7198049929925,163.76071131428571,11425.50016,3,94.73571291428571,False,8,730.0,2656.0,1837.0
2025-05-31 14:59:52.303,0 days 01:13:22.660000,0 days 00:00:54.673000,3578.367777777779,173.0,10928.0,4,99.0,False,8,640.9483393258566,2644.178620866961,1838.9791303635232
2025-05-31 14:59:52.305,0 days 01:13:22.662000,0 days 00:00:54.675000,3578.465952243605,173.0583296,10932.37472,4,99.0,False,8,640.0,2644.0,1839.0
2025-05-31 14:59:52.484,0 days 01:13:22.841000,0 days 00:00:54.854000,3587.356776426581,178.2791648,11323.93736,4,99.0,False,8,550.0,2623.0,1841.0
2025-05-31 14:59:52.543,0 days 01:13:22.900000,0 days 00:00:54.913000,3590.3677777777784,180.0,11453.0,4,99.0,False,8,520.5036143204687,2614.391685572533,1841.7351895434606
2025-05-31 14:59:52.783,0 days 01:13:23.140000,0 days 00:00:55.153000,3603.0344444444454,190.0,11793.0,4,99.0,False,8,403.73635773855057,2570.8137364096265,1845.5239656647277
2025-05-31 14:59:52.805,0 days 01:13:23.162000,0 days 00:00:55.175000,3604.2064931922823,190.4124976,11757.1127088,4,99.0,False,8,393.0,2566.0,1846.0
2025-05-31 14:59:52.943,0 days 01:13:23.300000,0 days 00:00:55.313000,3611.6122222222234,193.0,11532.0,4,99.0,False,8,325.3025763694517,2532.5591973380283,1849.4551152360837
2025-05-31 14:59:52.964,0 days 01:13:23.321000,0 days 00:00:55.334000,3612.7608663426836,193.7874976,11461.6502144,4,99.0,False,8,315.0,2527.0,1850.0
2025-05-31 14:59:53.183,0 days 01:13:23.540000,0 days 00:00:55.553000,3625.0788888888897,202.0,10728.0,5,99.0,False,8,209.15092497403688,2462.974269871282,1855.538689708392
2025-05-31 14:59:53.244,0 days 01:13:23.601000,0 days 00:00:55.614000,3628.5792502757326,203.82999808,10796.01492864,5,99.0,False,8,182.0,2445.0,1857.0
2025-05-31 14:59:53.383,0 days 01:13:23.740000,0 days 00:00:55.753000,3636.6344444444453,208.0,10951.0,5,99.0,False,8,123.89488967852722,2404.4681122559155,1860.2439696819147
2025-05-31 14:59:53.444,0 days 01:13:23.801000,0 days 00:00:55.814000,3640.193332414163,209.0166656,11038.4332416,5,99.0,False,8,92.0,2382.0,1862.0
2025-05-31 14:59:53.623,0 days 01:13:23.980000,0 days 00:00:55.993000,3650.767777777779,212.0,11295.0,5,99.0,False,8,-27.73525621379093,2298.7229272044497,1868.404766936405
2025-05-31 14:59:53.644,0 days 01:13:24.001000,0 days 00:00:56.014000,3652.0295461355886,212.5249984,11285.97002752,5,89.13003008,False,8,-39.0,2291.0,1869.0
2025-05-31 14:59:53.823,0 days 01:13:24.180000,0 days 00:00:56.193000,3662.823333333334,217.0,11209.0,5,5.0,True,8,-89.96040610404029,2257.6454363447283,1871.6252223532267
2025-05-31 14:59:53.964,0 days 01:13:24.321000,0 days 00:00:56.334000,3670.9487984617376,209.9500032,11308.2035264,5,2.4821440000000004,True,8,-124.0,2241.0,1873.0
2025-05-31 14:59:54.103,0 days 01:13:24.460000,0 days 00:00:56.473000,3678.612222222223,203.0,11406.0,5,0.0,True,8,-188.2795585567606,2210.673043527968,1875.4561943436008
2025-05-31 14:59:54.244,0 days 01:13:24.601000,0 days 00:00:56.614000,3686.0778391085782,194.91398401973126,11212.946368471084,5,0.0,True,8,-264.0,2178.0,1878.0
2025-05-31 14:59:54.382,0 days 01:13:24.739000,0 days 00:00:56.752000,3693.1047222222232,187.0,11024.0,4,0.0,True,8,-328.10459782124286,2156.17536038437,1879.5113894106435
2025-05-31 14:59:54.484,0 days 01:13:24.841000,0 days 00:00:56.854000,3698.133312034899,182.28114363698646,10759.381054720241,4,0.0,True,8,-376.0,2144.0,1881.0
2025-05-31 14:59:54.643,0 days 01:13:25,0 days 00:00:57.013000,3705.741845493049,174.92526711465158,10346.886132813923,4,0.0,True,8,-458.0,2129.0,1885.0
2025-05-31 14:59:54.663,0 days 01:13:25.020000,0 days 00:00:57.033000,3706.6863888888897,174.0,10295.0,4,0.0,True,8,-468.01445368162075,2127.662956967335,1885.553966483712
2025-05-31 14:59:54.863,0 days 01:13:25.220000,0 days 00:00:57.233000,3715.964166666667,167.0,9974.0,4,0.0,True,8,-560.5704248992799,2121.0108151198956,1890.976336664306
2025-05-31 14:59:54.864,0 days 01:13:25.221000,0 days 00:00:57.234000,3716.0095567684853,166.96500224,9971.8001408,4,0.0,True,8,-561.0,2121.0,1891.0
2025-05-31 14:59:55.063,0 days 01:13:25.420000,0 days 00:00:57.433000,3724.8530555555562,160.0,9534.0,4,0.0,True,8,-643.6229665104466,2123.9830788423033,1895.0791394169999
2025-05-31 14:59:55.104,0 days 01:13:25.461000,0 days 00:00:57.474000,3726.643741200919,159.12142994285713,9450.9751296,4,0.0,True,8,-663.0,2127.0,1896.0
2025-05-31 14:59:55.343,0 days 01:13:25.700000,0 days 00:00:57.713000,3736.830833333334,154.0,8967.0,4,0.0,True,8,-786.5991650458428,2159.8565396834697,1901.9803315056204
2025-05-31 14:59:55.344,0 days 01:13:25.701000,0 days 00:00:57.714000,3736.872040010203,153.9656272,8965.8313248,4,0.0,True,8,-787.0,2160.0,1902.0
2025-05-31 14:59:55.584,0 days 01:13:25.941000,0 days 00:00:57.954000,3746.4320308890847,145.7156272,8685.3313248,4,0.0,True,8,-851.0,2194.0,1905.0
2025-05-31 14:59:55.663,0 days 01:13:26.020000,0 days 00:00:58.033000,3749.541944444445,143.0,8593.0,4,0.0,False,8,-871.0504332171553,2208.563540827404,1905.650741520899
2025-05-31 14:59:55.903,0 days 01:13:26.260000,0 days 00:00:58.273000,3758.941944444445,141.0,8219.0,4,0.0,False,8,-939.8533362430876,2273.4177343886004,1907.52024532096
2025-05-31 14:59:55.944,0 days 01:13:26.301000,0 days 00:00:58.314000,3760.4790343759005,139.63333546666667,8200.322251377778,4,2.8472177777777774,False,8,-952.0,2290.0,1908.0
2025-05-31 14:59:56.164,0 days 01:13:26.521000,0 days 00:00:58.534000,3768.3371014194045,132.30000213333332,8100.100029155556,4,18.124995555555554,False,8,-1011.0,2392.0,1911.0
2025-05-31 14:59:56.263,0 days 01:13:26.620000,0 days 00:00:58.633000,3771.8419444444453,129.0,8055.0,4,25.0,False,8,-1022.6715923884707,2416.982516685214,1911.6232792523333
2025-05-31 14:59:56.423,0 days 01:13:26.780000,0 days 00:00:58.793000,3777.5752777777784,129.0,8208.0,4,44.0,False,8,-1028.9491430843389,2442.7698038963795,1911.9964837939342
2025-05-31 14:59:56.424,0 days 01:13:26.781000,0 days 00:00:58.794000,3777.611401599401,129.0083328,8208.2999808,4,44.0249984,False,8,-1029.0,2443.0,1912.0
2025-05-31 14:59:56.663,0 days 01:13:27.020000,0 days 00:00:59.033000,3786.308611111112,131.0,8280.0,4,50.0,False,8,-1045.770304957068,2524.3757858611207,1913.3037819387641
2025-05-31 14:59:56.784,0 days 01:13:27.141000,0 days 00:00:59.154000,3790.693172799708,131.0,8442.593664,4,54.5374976,False,8,-1051.0,2577.0,1914.0
2025-05-31 14:59:56.823,0 days 01:13:27.180000,0 days 00:00:59.193000,3792.130833333334,131.0,8495.0,4,56.0,False,8,-1051.5700073470186,2594.774962333782,1914.19931340983
2025-05-31 14:59:56.984,0 days 01:13:27.341000,0 days 00:00:59.354000,3798.2646170126172,135.69583146666668,8656.670769066666,4,58.68333226666667,False,8,-1049.0,2668.0,1915.0
2025-05-31 14:59:57.063,0 days 01:13:27.420000,0 days 00:00:59.433000,3801.3308333333343,138.0,8736.0,4,60.0,False,8,-1045.7776463050307,2698.9469902305227,1915.5005763001377
2025-05-31 14:59:57.263,0 days 01:13:27.620000,0 days 00:00:59.633000,3809.164166666668,141.0,8950.0,4,64.0,False,8,-1032.1669282185424,2764.01897923945,1916.8845001606426
2025-05-31 14:59:57.364,0 days 01:13:27.721000,0 days 00:00:59.734000,3813.1986958376915,143.01999872,9079.78491776,4,67.02999808,False,8,-1022.0,2799.0,1917.0
2025-05-31 14:59:57.463,0 days 01:13:27.820000,0 days 00:00:59.833000,3817.219722222223,145.0,9207.0,4,70.0,False,8,-1009.8211678816095,2836.5594440982554,1916.6122946202115
2025-05-31 14:59:57.544,0 days 01:13:27.901000,0 days 00:00:59.914000,3820.5646633154124,146.57499875555555,9321.52490951111,4,71.57499875555555,False,8,-998.0,2868.0,1917.0
2025-05-31 14:59:57.644,0 days 01:13:28.001000,0 days 00:01:00.014000,3824.7625193722356,148.5194432,9462.9137984,4,73.5194432,False,8,-981.0,2906.0,1919.0
2025-05-31 14:59:57.823,0 days 01:13:28.180000,0 days 00:01:00.193000,3832.419722222223,152.0,9716.0,4,77.0,False,8,-945.9307273721915,2972.8829634462045,1919.9221137683628
2025-05-31 14:59:57.864,0 days 01:13:28.221000,0 days 00:01:00.234000,3834.194996761216,152.79722097777778,9791.052660622223,4,78.36666453333333,False,8,-937.0,2988.0,1920.0
2025-05-31 14:59:58.064,0 days 01:13:28.421000,0 days 00:01:00.434000,3842.9737795609326,156.68610986666667,10157.163771733332,4,85.0333312,False,8,-888.0,3061.0,1921.0
2025-05-31 14:59:58.183,0 days 01:13:28.540000,0 days 00:01:00.553000,3848.319722222223,159.0,10375.0,4,89.0,False,8,-853.7188713954251,3104.8104414730915,1921.985093471637
2025-05-31 14:59:58.325,0 days 01:13:28.682000,0 days 00:01:00.695000,3854.8499089953484,165.2124944,10996.24944,4,97.87499199999999,False,8,-810.0,3155.0,1923.0
2025-05-31 14:59:58.343,0 days 01:13:28.700000,0 days 00:01:00.713000,3855.6975000000007,166.0,11075.0,4,99.0,False,8,-804.4562658673489,3160.956968541933,1923.0693544570406
2025-05-31 14:59:58.565,0 days 01:13:28.922000,0 days 00:01:00.935000,3866.5836872336986,173.76999552,11411.88480576,4,99.0,False,8,-726.0,3236.0,1923.0
2025-05-31 14:59:58.743,0 days 01:13:29.100000,0 days 00:01:01.113000,3875.6975000000007,180.0,11682.0,4,99.0,False,8,-623.6337204652746,3322.266114819156,1922.287087295225
2025-05-31 14:59:58.805,0 days 01:13:29.162000,0 days 00:01:01.175000,3878.9188716245894,183.4874928,11356.500672,4,99.0,False,8,-591.0,3349.0,1922.0
2025-05-31 14:59:58.903,0 days 01:13:29.260000,0 days 00:01:01.273000,3884.0975000000008,189.0,10842.0,4,99.0,False,8,-549.8079600307393,3382.069772784135,1921.5495548289152
2025-05-31 14:59:59.183,0 days 01:13:29.540000,0 days 00:01:01.553000,3899.730833333334,201.0,10683.0,5,99.0,False,8,-467.9290810031413,3443.9432120548086,1920.1317054642996
2025-05-31 14:59:59.204,0 days 01:13:29.561000,0 days 00:01:01.574000,3900.933294037532,201.58333155555556,10725.174871466666,5,99.05833315555556,False,8,-460.0,3450.0,1920.0
2025-05-31 14:59:59.445,0 days 01:13:29.802000,0 days 00:01:01.815000,3914.964534204409,208.27777422222223,11209.183076266667,5,99.72777742222222,False,8,-351.0,3536.0,1918.0
2025-05-31 14:59:59.524,0 days 01:13:29.881000,0 days 00:01:01.894000,3919.6853001480445,210.47222044444445,11367.841538133333,5,99.94722204444444,False,8,-316.0,3566.0,1917.0
2025-05-31 14:59:59.543,0 days 01:13:29.900000,0 days 00:01:01.913000,3920.830833333334,211.0,11406.0,5,100.0,False,8,-307.53494163931,3573.2745313223872,1916.77479666731
2025-05-31 14:59:59.804,0 days 01:13:30.161000,0 days 00:01:02.174000,3936.9404499735006,220.7874976,11153.156312,5,99.1843752,False,8,-187.0,3676.0,1914.0
2025-05-31 14:59:59.863,0 days 01:13:30.220000,0 days 00:01:02.233000,3940.653055555556,223.0,11096.0,5,99.0,False,8,-159.08764571006282,3699.9565260139266,1913.0424401886276
2025-05-31 15:00:00.024,0 days 01:13:30.381000,0 days 00:01:02.394000,3950.888525233697,226.44999862857142,10855.650095542856,5,99.0,False,8,-82.0,3766.0,1910.0
2025-05-31 15:00:00.143,0 days 01:13:30.500000,0 days 00:01:02.513000,3958.464166666667,229.0,10678.0,6,99.0,False,8,-24.228380664349217,3814.2845934328952,1908.0445619574061
2025-05-31 15:00:00.204,0 days 01:13:30.561000,0 days 00:01:02.574000,3962.328054593034,229.0,10700.874976,6,99.0,False,8,6.0,3839.0,1907.0
2025-05-31 15:00:00.343,0 days 01:13:30.700000,0 days 00:01:02.713000,3971.1863888888897,229.0,10753.0,6,99.0,False,8,77.00787207692703,3895.5033084637407,1904.251472986077
2025-05-31 15:00:00.464,0 days 01:13:30.821000,0 days 00:01:02.834000,3979.152018631622,233.75356891428572,10904.682062628572,6,99.0,False,8,141.0,3943.0,1901.0
2025-05-31 15:00:00.584,0 days 01:13:30.941000,0 days 00:01:02.954000,3987.2224859498547,238.46785462857142,11055.110634057142,6,99.0,False,8,206.0,3987.0,1897.0
2025-05-31 15:00:00.623,0 days 01:13:30.980000,0 days 00:01:02.993000,3989.8530555555562,240.0,11104.0,6,99.0,False,8,227.12029335857883,4000.6229701198536,1895.9751121306847
2025-05-31 15:00:00.764,0 days 01:13:31.121000,0 days 00:01:03.134000,3999.401534430337,243.5249984,11216.7999488,6,99.0,False,8,309.0,4047.0,1893.0
2025-05-31 15:00:00.783,0 days 01:13:31.140000,0 days 00:01:03.153000,4000.6975000000007,244.0,11232.0,6,99.0,False,8,321.9508430902886,4052.8856758616103,1892.497226006169
2025-05-31 15:00:01.103,0 days 01:13:31.460000,0 days 00:01:03.473000,4022.830833333334,249.0,11384.0,6,99.0,False,8,578.3131772451915,4131.853606287424,1881.033026913429
2025-05-31 15:00:01.104,0 days 01:13:31.461000,0 days 00:01:03.474000,4022.9001997380064,249.0062496,11384.0,6,99.0,False,8,579.0,4132.0,1881.0
2025-05-31 15:00:01.263,0 days 01:13:31.620000,0 days 00:01:03.633000,4033.941944444445,250.0,11384.0,6,99.0,False,8,671.3833643537,4145.931756245262,1876.3686239196222
2025-05-31 15:00:01.524,0 days 01:13:31.881000,0 days 00:01:03.894000,4052.3474082261914,253.7285705142857,11155.625056,6,99.0,False,8,817.0,4133.0,1868.0
2025-05-31 15:00:01.543,0 days 01:13:31.900000,0 days 00:01:03.913000,4053.6975,254.0,11139.0,6,99.0,False,8,831.8159159076831,4130.624394946688,1867.1204196099097
2025-05-31 15:00:01.743,0 days 01:13:32.100000,0 days 00:01:04.113000,4067.975277777778,257.0,10411.0,6,99.0,False,8,1001.0,4098.0,1857.0
2025-05-31 15:00:01.984,0 days 01:13:32.341000,0 days 00:01:04.354000,4085.349211709778,259.2593744,10483.2999808,6,99.0,False,8,1138.0,4051.0,1849.0
2025-05-31 15:00:02.063,0 days 01:13:32.420000,0 days 00:01:04.433000,4091.08638888889,260.0,10507.0,7,99.0,False,8,1203.2610901969836,4020.640482489474,1845.250077069236
2025-05-31 15:00:02.324,0 days 01:13:32.681000,0 days 00:01:04.694000,4110.187237105789,262.60999936,10496.56000256,7,99.0,False,8,1453.0,3895.0,1831.0
2025-05-31 15:00:02.463,0 days 01:13:32.820000,0 days 00:01:04.833000,4120.419722222223,264.0,10491.0,7,99.0,False,8,1518.8129614224654,3858.883717776599,1827.3528956375953
2025-05-31 15:00:02.663,0 days 01:13:33.020000,0 days 00:01:05.033000,4135.197500000001,266.0,10652.0,7,99.0,False,8,1579.553421884623,3819.2892306439026,1824.0254575369631
2025-05-31 15:00:02.664,0 days 01:13:33.021000,0 days 00:01:05.034000,4135.2716364701055,266.00999936,10652.82994688,7,99.0,False,8,1580.0,3819.0,1824.0
2025-05-31 15:00:02.863,0 days 01:13:33.220000,0 days 00:01:05.233000,4150.08638888889,268.0,10818.0,7,99.0,False,8,1698.4539235433797,3742.7738683102257,1817.095125841131
2025-05-31 15:00:03.004,0 days 01:13:33.361000,0 days 00:01:05.374000,4160.666515130108,269.7624992,10853.837483733334,7,99.0,False,8,1793.0,3682.0,1811.0
2025-05-31 15:00:03.103,0 days 01:13:33.460000,0 days 00:01:05.473000,4168.153055555556,271.0,10879.0,7,99.0,False,8,1855.1493215512223,3641.9500553926287,1806.5328927497903
2025-05-31 15:00:03.165,0 days 01:13:33.522000,0 days 00:01:05.535000,4172.870830543549,271.968748,10917.1686712,7,99.0,False,8,1894.0,3617.0,1804.0
2025-05-31 15:00:03.344,0 days 01:13:33.701000,0 days 00:01:05.714000,4186.602960385327,274.765624,11027.3655856,7,99.0,False,8,2010.0,3543.0,1798.0
2025-05-31 15:00:03.423,0 days 01:13:33.780000,0 days 00:01:05.793000,4192.68638888889,276.0,11076.0,7,99.0,False,8,2061.3088633301563,3510.0742494301385,1794.5479389472705
2025-05-31 15:00:03.504,0 days 01:13:33.861000,0 days 00:01:05.874000,4198.932213655973,276.80999936,11095.84498432,7,99.0,False,8,2113.0,3477.0,1791.0
2025-05-31 15:00:03.623,0 days 01:13:33.980000,0 days 00:01:05.993000,4208.130833333334,278.0,11125.0,7,99.0,False,8,2186.008748167615,3431.0065038753073,1787.1722845112017
2025-05-31 15:00:03.725,0 days 01:13:34.082000,0 days 00:01:06.095000,4216.04601637982,278.6374992,11163.249952,7,99.0,False,8,2256.0,3385.0,1784.0
2025-05-31 15:00:03.943,0 days 01:13:34.300000,0 days 00:01:06.313000,4233.019722222223,280.0,11245.0,7,99.0,False,8,2445.7308335080143,3247.7112223475633,1774.7743207642184
2025-05-31 15:00:03.985,0 days 01:13:34.342000,0 days 00:01:06.355000,4236.289316574541,280.0,11250.599982933334,7,96.72500693333333,False,8,2480.0,3220.0,1773.0
2025-05-31 15:00:04.183,0 days 01:13:34.540000,0 days 00:01:06.553000,4251.686388888889,280.0,11277.0,7,86.0,False,8,2612.7984262498667,3094.4965558616104,1765.4963481467455
2025-05-31 15:00:04.384,0 days 01:13:34.741000,0 days 00:01:06.754000,4267.253531948953,279.0863639272727,11254.159098181819,7,91.93863447272727,False,8,2705.0,2986.0,1760.0
2025-05-31 15:00:04.623,0 days 01:13:34.980000,0 days 00:01:06.993000,4285.6641666666665,278.0,11227.0,7,99.0,False,8,2768.5823701398563,2891.7111495539134,1756.8976824988638
2025-05-31 15:00:04.744,0 days 01:13:35.101000,0 days 00:01:07.114000,4294.939395047034,276.79000064,11187.6750208,7,99.0,False,8,2796.0,2831.0,1755.0
2025-05-31 15:00:04.823,0 days 01:13:35.180000,0 days 00:01:07.193000,4300.9975,276.0,11162.0,7,99.0,False,8,2815.4789584253067,2780.326036388815,1753.2376692919806
2025-05-31 15:00:05.024,0 days 01:13:35.381000,0 days 00:01:07.394000,4316.461116950221,276.83749973333335,11204.7124864,7,99.0,False,8,2862.0,2626.0,1748.0
2025-05-31 15:00:05.063,0 days 01:13:35.420000,0 days 00:01:07.433000,4319.464166666668,277.0,11213.0,7,99.0,False,8,2868.1444706909274,2595.650574502798,1747.1630718402434
2025-05-31 15:00:05.184,0 days 01:13:35.541000,0 days 00:01:07.554000,4328.778619838555,277.0,11192.5812608,7,99.0,False,8,2881.0,2502.0,1745.0
2025-05-31 15:00:05.223,0 days 01:13:35.580000,0 days 00:01:07.593000,4331.775277777779,277.0,11186.0,7,99.0,False,8,2883.3771260871417,2472.143581062327,1744.430055101302
2025-05-31 15:00:05.423,0 days 01:13:35.780000,0 days 00:01:07.793000,4347.108611111113,276.0,11161.0,7,99.0,False,8,2882.128791705073,2321.4895637925847,1742.026522580404
2025-05-31 15:00:05.425,0 days 01:13:35.782000,0 days 00:01:07.795000,4347.262271690972,276.00999936,11160.61002496,7,99.0,False,8,2882.0,2320.0,1742.0
2025-05-31 15:00:05.623,0 days 01:13:35.980000,0 days 00:01:07.993000,4362.4975,277.0,11122.0,7,99.0,False,8,2858.175578515269,2174.3387847950976,1738.9856799533898
2025-05-31 15:00:05.685,0 days 01:13:36.042000,0 days 00:01:08.055000,4367.241630427908,276.2250016,11121.2250016,7,99.0,False,8,2847.0,2130.0,1738.0
2025-05-31 15:00:05.783,0 days 01:13:36.140000,0 days 00:01:08.153000,4374.719722222223,275.0,11120.0,7,99.0,False,8,2826.177097701566,2061.4601982249583,1736.4682451104882
2025-05-31 15:00:05.885,0 days 01:13:36.242000,0 days 00:01:08.255000,4382.506296207132,275.0,11109.071442285715,7,99.0,False,8,2792.0,1978.0,1735.0
2025-05-31 15:00:06.063,0 days 01:13:36.420000,0 days 00:01:08.433000,4396.108611111112,275.0,11090.0,7,99.0,False,8,2696.4499111448727,1792.83084402584,1733.008733613937
2025-05-31 15:00:06.064,0 days 01:13:36.421000,0 days 00:01:08.434000,4396.185093421759,275.0031248,11090.1812384,7,99.0,False,8,2696.0,1792.0,1733.0
2025-05-31 15:00:06.364,0 days 01:13:36.721000,0 days 00:01:08.734000,4419.180247656751,275.9406248,11144.5562384,7,99.0,False,8,2616.0,1659.0,1731.0
2025-05-31 15:00:06.383,0 days 01:13:36.740000,0 days 00:01:08.753000,4420.641944444445,276.0,11148.0,7,99.0,False,8,2609.744965055084,1649.3925654594902,1730.8172687034134
2025-05-31 15:00:06.663,0 days 01:13:37.020000,0 days 00:01:09.033000,4442.264166666667,278.0,11218.0,7,99.0,False,8,2485.9602106310217,1458.8126577741784,1727.2452208708296
2025-05-31 15:00:06.684,0 days 01:13:37.041000,0 days 00:01:09.054000,4443.890844297009,278.14999954285713,11222.349986742856,7,99.0,False,8,2477.0,1445.0,1727.0
2025-05-31 15:00:06.863,0 days 01:13:37.220000,0 days 00:01:09.233000,4457.788744012424,279.42857142857144,11259.42857142857,7,99.0,False,8,2401.0,1328.0,1725.0
2025-05-31 15:00:06.943,0 days 01:13:37.300000,0 days 00:01:09.313000,4464.041944444445,280.0,11276.0,7,99.0,False,8,2354.3790706941786,1256.6897184459701,1723.7504123076797
2025-05-31 15:00:07.104,0 days 01:13:37.461000,0 days 00:01:09.474000,4476.724168994496,282.68333226666664,11324.2999808,7,99.0,False,8,2255.0,1105.0,1721.0
2025-05-31 15:00:07.183,0 days 01:13:37.540000,0 days 00:01:09.553000,4482.975277777778,284.0,11348.0,7,99.0,False,8,2222.597734436518,1055.413877570073,1720.029819717812
2025-05-31 15:00:07.423,0 days 01:13:37.780000,0 days 00:01:09.793000,4502.027346417457,285.3333333333333,11424.666666666666,7,99.0,False,8,2160.0,959.0,1718.0
2025-05-31 15:00:07.543,0 days 01:13:37.900000,0 days 00:01:09.913000,4511.575277777778,286.0,11463.0,7,99.0,False,8,2112.6806371415796,886.1888879711123,1716.7372038211997
2025-05-31 15:00:07.604,0 days 01:13:37.961000,0 days 00:01:09.974000,4516.432289294331,286.3034823652879,11484.243765570154,7,99.0,False,8,2082.0,839.0,1716.0
2025-05-31 15:00:07.744,0 days 01:13:38.101000,0 days 00:01:10.114000,4527.599444444445,287.0,11533.0,7,99.0,False,8,1992.5184992600234,701.3932930559955,1714.053732883868
2025-05-31 15:00:07.904,0 days 01:13:38.261000,0 days 00:01:10.274000,4540.427254343535,288.3389117753542,11576.51463269901,7,99.0,False,8,1894.0,550.0,1712.0
2025-05-31 15:00:07.983,0 days 01:13:38.340000,0 days 00:01:10.353000,4546.785833333333,289.0,11598.0,7,99.0,False,8,1862.919353856773,502.33777778176386,1711.321172528861
2025-05-31 15:00:08.244,0 days 01:13:38.601000,0 days 00:01:10.614000,4567.910242153293,291.1749994666667,11697.324975644444,7,99.72499982222222,False,8,1801.0,408.0,1710.0
2025-05-31 15:00:08.343,0 days 01:13:38.700000,0 days 00:01:10.713000,4575.985833333333,292.0,11735.0,7,100.0,False,14,1763.4117747382606,350.75400655994866,1709.391751768825
2025-05-31 15:00:08.524,0 days 01:13:38.881000,0 days 00:01:10.894000,4590.853106213255,294.05681745454547,11232.313814109091,7,100.0,False,14,1682.0,226.0,1708.0
2025-05-31 15:00:08.664,0 days 01:13:39.021000,0 days 00:01:11.034000,4602.428521645583,295.64772654545453,10843.49563229091,7,100.0,False,14,1625.0,137.0,1707.0
2025-05-31 15:00:08.783,0 days 01:13:39.140000,0 days 00:01:11.153000,4612.285833333334,297.0,10513.0,7,100.0,False,12,1574.0924104227897,56.62175210492732,1707.7497000237825
2025-05-31 15:00:08.824,0 days 01:13:39.181000,0 days 00:01:11.194000,4615.685504151237,297.40999936,10524.06998272,7,100.0,False,12,1554.0,25.0,1708.0
2025-05-31 15:00:08.983,0 days 01:13:39.340000,0 days 00:01:11.353000,4628.896944444445,299.0,10567.0,8,100.0,False,12,1458.9802179416922,-123.43006044134826,1707.8359008650154
2025-05-31 15:00:09.164,0 days 01:13:39.521000,0 days 00:01:11.534000,4644.029564403422,300.5083328,10622.305536,8,100.0,False,12,1355.0,-285.0,1707.0
2025-05-31 15:00:09.176,0 days 01:13:39.533000,0 days 00:01:11.546000,4645.036509294052,300.6083328,10625.972202666666,8,100.0,False,12,1349.6755281430378,-293.2627324793305,1706.9787736939359
